docs,サブフォルダ1,サブフォルダ2,サブフォルダ3,サブフォルダ4,サブフォルダ5,ファイル名,フルパス
docs,01_設備図面_PDF,01_配置図,,,,01_配置図_平面図.pdf,docs/01_設備図面_PDF/01_配置図/01_配置図_平面図.pdf
,,,,,,02_配置図_立面図1.pdf,docs/01_設備図面_PDF/01_配置図/02_配置図_立面図1.pdf
,,,,,,03_配置図_立面図2.pdf,docs/01_設備図面_PDF/01_配置図/03_配置図_立面図2.pdf
,,,,,,04_有機性脱水汚泥燃料施設_第1期簡略フローシート.pdf,docs/01_設備図面_PDF/01_配置図/04_有機性脱水汚泥燃料施設_第1期簡略フローシート.pdf
,,,,,,05_脱水機フロー.pdf,docs/01_設備図面_PDF/01_配置図/05_脱水機フロー.pdf
,,02_配管図,,,,01_配管図_脱臭配管_平面図.pdf,docs/01_設備図面_PDF/02_配管図/01_配管図_脱臭配管_平面図.pdf
,,,,,,01_配管図_脱臭配管_立面図1.pdf,docs/01_設備図面_PDF/02_配管図/01_配管図_脱臭配管_立面図1.pdf
,,,,,,01_配管図_脱臭配管_立面図2.pdf,docs/01_設備図面_PDF/02_配管図/01_配管図_脱臭配管_立面図2.pdf
,,,,,,02_配管図_洗浄汚泥移送配管_平面図.pdf,docs/01_設備図面_PDF/02_配管図/02_配管図_洗浄汚泥移送配管_平面図.pdf
,,,,,,02_配管図_洗浄汚泥移送配管_立面図1.pdf,docs/01_設備図面_PDF/02_配管図/02_配管図_洗浄汚泥移送配管_立面図1.pdf
,,,,,,02_配管図_洗浄汚泥移送配管_立面図2.pdf,docs/01_設備図面_PDF/02_配管図/02_配管図_洗浄汚泥移送配管_立面図2.pdf
,,,,,,03_配管図_洗浄水移送配管_平面図.pdf,docs/01_設備図面_PDF/02_配管図/03_配管図_洗浄水移送配管_平面図.pdf
,,,,,,03_配管図_洗浄水移送配管_立面図1.pdf,docs/01_設備図面_PDF/02_配管図/03_配管図_洗浄水移送配管_立面図1.pdf
,,,,,,03_配管図_洗浄水移送配管_立面図2.pdf,docs/01_設備図面_PDF/02_配管図/03_配管図_洗浄水移送配管_立面図2.pdf
,,,,,,04_配管図_工水配管_平面図.pdf,docs/01_設備図面_PDF/02_配管図/04_配管図_工水配管_平面図.pdf
,,,,,,04_配管図_工水配管_立面図1.pdf,docs/01_設備図面_PDF/02_配管図/04_配管図_工水配管_立面図1.pdf
,,,,,,04_配管図_工水配管_立面図2.pdf,docs/01_設備図面_PDF/02_配管図/04_配管図_工水配管_立面図2.pdf
,,,,,,05_配管図_スクリーンろ液移送配管_平面図.pdf,docs/01_設備図面_PDF/02_配管図/05_配管図_スクリーンろ液移送配管_平面図.pdf
,,,,,,05_配管図_スクリーンろ液移送配管_立面図1.pdf,docs/01_設備図面_PDF/02_配管図/05_配管図_スクリーンろ液移送配管_立面図1.pdf
,,,,,,05_配管図_スクリーンろ液移送配管_立面図2.pdf,docs/01_設備図面_PDF/02_配管図/05_配管図_スクリーンろ液移送配管_立面図2.pdf
,,,,,,06_配管図_冷却水移送配管_平面図.pdf,docs/01_設備図面_PDF/02_配管図/06_配管図_冷却水移送配管_平面図.pdf
,,,,,,06_配管図_冷却水移送配管_立面図1.pdf,docs/01_設備図面_PDF/02_配管図/06_配管図_冷却水移送配管_立面図1.pdf
,,,,,,06_配管図_冷却水移送配管_立面図2.pdf,docs/01_設備図面_PDF/02_配管図/06_配管図_冷却水移送配管_立面図2.pdf
,,,,,,07_配管図_冷却水返送配管_平面図.pdf,docs/01_設備図面_PDF/02_配管図/07_配管図_冷却水返送配管_平面図.pdf
,,,,,,07_配管図_冷却水返送配管_立面図1.pdf,docs/01_設備図面_PDF/02_配管図/07_配管図_冷却水返送配管_立面図1.pdf
,,,,,,07_配管図_冷却水返送配管_立面図2.pdf,docs/01_設備図面_PDF/02_配管図/07_配管図_冷却水返送配管_立面図2.pdf
,,,,,,08_配管図_脱水ろ液移送配管_平面図.pdf,docs/01_設備図面_PDF/02_配管図/08_配管図_脱水ろ液移送配管_平面図.pdf
,,,,,,08_配管図_脱水ろ液移送配管_立面図1.pdf,docs/01_設備図面_PDF/02_配管図/08_配管図_脱水ろ液移送配管_立面図1.pdf
,,,,,,08_配管図_脱水ろ液移送配管_立面図2.pdf,docs/01_設備図面_PDF/02_配管図/08_配管図_脱水ろ液移送配管_立面図2.pdf
,,,,,,09_配管図_ろ布洗浄水移送配管_平面図.pdf,docs/01_設備図面_PDF/02_配管図/09_配管図_ろ布洗浄水移送配管_平面図.pdf
,,,,,,09_配管図_ろ布洗浄水移送配管_立面図1.pdf,docs/01_設備図面_PDF/02_配管図/09_配管図_ろ布洗浄水移送配管_立面図1.pdf
,,,,,,09_配管図_ろ布洗浄水移送配管_立面図2.pdf,docs/01_設備図面_PDF/02_配管図/09_配管図_ろ布洗浄水移送配管_立面図2.pdf
,,,,,,10_配管図_復水配管_平面図.pdf,docs/01_設備図面_PDF/02_配管図/10_配管図_復水配管_平面図.pdf
,,,,,,10_配管図_復水配管_立面図1.pdf,docs/01_設備図面_PDF/02_配管図/10_配管図_復水配管_立面図1.pdf
,,,,,,10_配管図_復水配管_立面図2.pdf,docs/01_設備図面_PDF/02_配管図/10_配管図_復水配管_立面図2.pdf
,,,,,,11_配管図_スチームドレン配管_平面図.pdf,docs/01_設備図面_PDF/02_配管図/11_配管図_スチームドレン配管_平面図.pdf
,,,,,,11_配管図_スチームドレン配管_立面図1.pdf,docs/01_設備図面_PDF/02_配管図/11_配管図_スチームドレン配管_立面図1.pdf
,,,,,,11_配管図_スチームドレン配管_立面図2.pdf,docs/01_設備図面_PDF/02_配管図/11_配管図_スチームドレン配管_立面図2.pdf
,,,,,,12_配管図_市水配管_平面図.pdf,docs/01_設備図面_PDF/02_配管図/12_配管図_市水配管_平面図.pdf
,,,,,,12_配管図_市水配管_立面図1.pdf,docs/01_設備図面_PDF/02_配管図/12_配管図_市水配管_立面図1.pdf
,,,,,,12_配管図_市水配管_立面図2.pdf,docs/01_設備図面_PDF/02_配管図/12_配管図_市水配管_立面図2.pdf
,,,,,,13_配管図_ボイラースチーム配管_平面図.pdf,docs/01_設備図面_PDF/02_配管図/13_配管図_ボイラースチーム配管_平面図.pdf
,,,,,,13_配管図_ボイラースチーム配管_立面図1.pdf,docs/01_設備図面_PDF/02_配管図/13_配管図_ボイラースチーム配管_立面図1.pdf
,,,,,,13_配管図_ボイラースチーム配管_立面図2.pdf,docs/01_設備図面_PDF/02_配管図/13_配管図_ボイラースチーム配管_立面図2.pdf
,,,,,,14_配管図_カチオン添加配管_平面図.pdf,docs/01_設備図面_PDF/02_配管図/14_配管図_カチオン添加配管_平面図.pdf
,,,,,,14_配管図_カチオン添加配管_立面図1.pdf,docs/01_設備図面_PDF/02_配管図/14_配管図_カチオン添加配管_立面図1.pdf
,,,,,,14_配管図_カチオン添加配管_立面図2.pdf,docs/01_設備図面_PDF/02_配管図/14_配管図_カチオン添加配管_立面図2.pdf
,,,,,,15_配管図_集水桝移送配管_平面図.pdf,docs/01_設備図面_PDF/02_配管図/15_配管図_集水桝移送配管_平面図.pdf
,,,,,,15_配管図_集水桝移送配管_立面図1.pdf,docs/01_設備図面_PDF/02_配管図/15_配管図_集水桝移送配管_立面図1.pdf
,,,,,,15_配管図_集水桝移送配管_立面図2.pdf,docs/01_設備図面_PDF/02_配管図/15_配管図_集水桝移送配管_立面図2.pdf
,,,,,,16_配管図_再生油添加配管_平面図.pdf,docs/01_設備図面_PDF/02_配管図/16_配管図_再生油添加配管_平面図.pdf
,,,,,,16_配管図_再生油添加配管_立面図1.pdf,docs/01_設備図面_PDF/02_配管図/16_配管図_再生油添加配管_立面図1.pdf
,,,,,,16_配管図_再生油添加配管_立面図2.pdf,docs/01_設備図面_PDF/02_配管図/16_配管図_再生油添加配管_立面図2.pdf
,,,,,,17_配管図_空送配管_平面図.pdf,docs/01_設備図面_PDF/02_配管図/17_配管図_空送配管_平面図.pdf
,,,,,,17_配管図_空送配管_立面図1.pdf,docs/01_設備図面_PDF/02_配管図/17_配管図_空送配管_立面図1.pdf
,,,,,,17_配管図_空送配管_立面図2.pdf,docs/01_設備図面_PDF/02_配管図/17_配管図_空送配管_立面図2.pdf
,,03_脱水機図面,01‗組立図,,,AT221121-04-1_脱水機_組立図.pdf,docs/01_設備図面_PDF/03_脱水機図面/01‗組立図/AT221121-04-1_脱水機_組立図.pdf
,,,,,,AT221121-04-2_脱水機_組立図.pdf,docs/01_設備図面_PDF/03_脱水機図面/01‗組立図/AT221121-04-2_脱水機_組立図.pdf
,,,,,,AT221121-04-3_脱水機_組立図.pdf,docs/01_設備図面_PDF/03_脱水機図面/01‗組立図/AT221121-04-3_脱水機_組立図.pdf
,,,,,,AT221121-04-4_脱水機_組立図.pdf,docs/01_設備図面_PDF/03_脱水機図面/01‗組立図/AT221121-04-4_脱水機_組立図.pdf
,,,,,,AT221121-04-5_脱水機_組立図.pdf,docs/01_設備図面_PDF/03_脱水機図面/01‗組立図/AT221121-04-5_脱水機_組立図.pdf
,,,,,,AT221121-04-6_脱水機_組立図.pdf,docs/01_設備図面_PDF/03_脱水機図面/01‗組立図/AT221121-04-6_脱水機_組立図.pdf
,,,,,,AT221121-04-7_脱水機_組立図.pdf,docs/01_設備図面_PDF/03_脱水機図面/01‗組立図/AT221121-04-7_脱水機_組立図.pdf
,,,,,,AT221121-04-8_脱水機_組立図.pdf,docs/01_設備図面_PDF/03_脱水機図面/01‗組立図/AT221121-04-8_脱水機_組立図.pdf
,,,02‗部品図,,,AT-221121-04-1-1_フレーム.pdf,docs/01_設備図面_PDF/03_脱水機図面/02‗部品図/AT-221121-04-1-1_フレーム.pdf
,,,,,,AT-221121-04-1-2_フレーム.pdf,docs/01_設備図面_PDF/03_脱水機図面/02‗部品図/AT-221121-04-1-2_フレーム.pdf
,,,,,,AT-221121-04-10_汚泥スカート.pdf,docs/01_設備図面_PDF/03_脱水機図面/02‗部品図/AT-221121-04-10_汚泥スカート.pdf
,,,,,,AT-221121-04-11 _補強パイプ、汚泥スカート受台.pdf,docs/01_設備図面_PDF/03_脱水機図面/02‗部品図/AT-221121-04-11 _補強パイプ、汚泥スカート受台.pdf
,,,,,,AT-221121-04-12_水切り板、ライナー.pdf,docs/01_設備図面_PDF/03_脱水機図面/02‗部品図/AT-221121-04-12_水切り板、ライナー.pdf
,,,,,,AT-221121-04-13 _ずれ止め、ばね秤ブラケット、当て板.pdf,docs/01_設備図面_PDF/03_脱水機図面/02‗部品図/AT-221121-04-13 _ずれ止め、ばね秤ブラケット、当て板.pdf
,,,,,,AT-221121-04-14_汚泥受け、回転アーム、汚泥排出パイプ1.pdf,docs/01_設備図面_PDF/03_脱水機図面/02‗部品図/AT-221121-04-14_汚泥受け、回転アーム、汚泥排出パイプ1.pdf
,,,,,,AT-221121-04-15 _アングルフレーム、ピロー取付板.pdf,docs/01_設備図面_PDF/03_脱水機図面/02‗部品図/AT-221121-04-15 _アングルフレーム、ピロー取付板.pdf
,,,,,,AT-221121-04-16A_駆動プレート、従動プレート、テンションプレート.pdf,docs/01_設備図面_PDF/03_脱水機図面/02‗部品図/AT-221121-04-16A_駆動プレート、従動プレート、テンションプレート.pdf
,,,,,,AT-221121-04-17A_スペーサ、スクレーパシャフト2、駆動シャフト、従動シャフト、テンション軸1.pdf,docs/01_設備図面_PDF/03_脱水機図面/02‗部品図/AT-221121-04-17A_スペーサ、スクレーパシャフト2、駆動シャフト、従動シャフト、テンション軸1.pdf
,,,,,,AT-221121-04-18_ベルトCVフレーム、ベルトライナー.pdf,docs/01_設備図面_PDF/03_脱水機図面/02‗部品図/AT-221121-04-18_ベルトCVフレーム、ベルトライナー.pdf
,,,,,,AT-221121-04-19A_スナップ軸1、スクリューパーシャフト3_250415.pdf,docs/01_設備図面_PDF/03_脱水機図面/02‗部品図/AT-221121-04-19A_スナップ軸1、スクリューパーシャフト3_250415.pdf
,,,,,,AT-221121-04-20A_ろ布ズレ止め、スクレーパ.pdf,docs/01_設備図面_PDF/03_脱水機図面/02‗部品図/AT-221121-04-20A_ろ布ズレ止め、スクレーパ.pdf
,,,,,,AT-221121-04-21A_スクレーパ、スクレーパシャフト.pdf,docs/01_設備図面_PDF/03_脱水機図面/02‗部品図/AT-221121-04-21A_スクレーパ、スクレーパシャフト.pdf
,,,,,,AT-221121-04-22A_洗浄ケース、洗浄ノズル.pdf,docs/01_設備図面_PDF/03_脱水機図面/02‗部品図/AT-221121-04-22A_洗浄ケース、洗浄ノズル.pdf
,,,,,,AT-221121-04-23_洗浄水受けパン.pdf,docs/01_設備図面_PDF/03_脱水機図面/02‗部品図/AT-221121-04-23_洗浄水受けパン.pdf
,,,,,,AT-221121-04-24_押え板.pdf,docs/01_設備図面_PDF/03_脱水機図面/02‗部品図/AT-221121-04-24_押え板.pdf
,,,,,,AT-221121-04-25 スクレーパゴム板、水切りゴム板.pdf,docs/01_設備図面_PDF/03_脱水機図面/02‗部品図/AT-221121-04-25 スクレーパゴム板、水切りゴム板.pdf
,,,,,,AT-221121-04-26_汚泥配管ステー.pdf,docs/01_設備図面_PDF/03_脱水機図面/02‗部品図/AT-221121-04-26_汚泥配管ステー.pdf
,,,,,,AT-221121-04-27_汚泥配管ステー.pdf,docs/01_設備図面_PDF/03_脱水機図面/02‗部品図/AT-221121-04-27_汚泥配管ステー.pdf
,,,,,,AT-221121-04-28_水切りステー、フランジ、汚泥排出パイプ.pdf,docs/01_設備図面_PDF/03_脱水機図面/02‗部品図/AT-221121-04-28_水切りステー、フランジ、汚泥排出パイプ.pdf
,,,,,,AT-221121-04-29A_水切りウェイト、押え板.pdf,docs/01_設備図面_PDF/03_脱水機図面/02‗部品図/AT-221121-04-29A_水切りウェイト、押え板.pdf
,,,,,,AT-221121-04-2A_排水受けパン1.pdf,docs/01_設備図面_PDF/03_脱水機図面/02‗部品図/AT-221121-04-2A_排水受けパン1.pdf
,,,,,,AT-221121-04-3 _排水受けパン2.pdf,docs/01_設備図面_PDF/03_脱水機図面/02‗部品図/AT-221121-04-3 _排水受けパン2.pdf
,,,,,,AT-221121-04-30_回り止め金具.pdf,docs/01_設備図面_PDF/03_脱水機図面/02‗部品図/AT-221121-04-30_回り止め金具.pdf
,,,,,,AT-221121-04-31A_駆動ローラー、スナップ軸.pdf,docs/01_設備図面_PDF/03_脱水機図面/02‗部品図/AT-221121-04-31A_駆動ローラー、スナップ軸.pdf
,,,,,,AT-221121-04-32A_テンション軸、テンション軸受け台.pdf,docs/01_設備図面_PDF/03_脱水機図面/02‗部品図/AT-221121-04-32A_テンション軸、テンション軸受け台.pdf
,,,,,,AT-221121-04-33_ピローステー.pdf,docs/01_設備図面_PDF/03_脱水機図面/02‗部品図/AT-221121-04-33_ピローステー.pdf
,,,,,,AT-221121-04-34A_反応槽250416.pdf,docs/01_設備図面_PDF/03_脱水機図面/02‗部品図/AT-221121-04-34A_反応槽250416.pdf
,,,,,,AT-221121-04-35_モーター台、オイルシール取付板、オイルシール押え板、モーター取付板.pdf,docs/01_設備図面_PDF/03_脱水機図面/02‗部品図/AT-221121-04-35_モーター台、オイルシール取付板、オイルシール押え板、モーター取付板.pdf
,,,,,,AT-221121-04-36A_攪拌羽根250416.pdf,docs/01_設備図面_PDF/03_脱水機図面/02‗部品図/AT-221121-04-36A_攪拌羽根250416.pdf
,,,,,,AT-221121-04-4A_水切りローラーフレーム・.pdf,docs/01_設備図面_PDF/03_脱水機図面/02‗部品図/AT-221121-04-4A_水切りローラーフレーム・.pdf
,,,,,,AT-221121-04-5 _ウェイト1、水切りローラー.pdf,docs/01_設備図面_PDF/03_脱水機図面/02‗部品図/AT-221121-04-5 _ウェイト1、水切りローラー.pdf
,,,,,,AT-221121-04-6A_脱水ローラー.pdf,docs/01_設備図面_PDF/03_脱水機図面/02‗部品図/AT-221121-04-6A_脱水ローラー.pdf
,,,,,,AT-221121-04-7A_ピロースタンド.pdf,docs/01_設備図面_PDF/03_脱水機図面/02‗部品図/AT-221121-04-7A_ピロースタンド.pdf
,,,,,,AT-221121-04-8A_スクレーパ、スクレーパシャフト.pdf,docs/01_設備図面_PDF/03_脱水機図面/02‗部品図/AT-221121-04-8A_スクレーパ、スクレーパシャフト.pdf
,,,,,,AT-221121-04-9A_アーム、ウェイト2、ボス.pdf,docs/01_設備図面_PDF/03_脱水機図面/02‗部品図/AT-221121-04-9A_アーム、ウェイト2、ボス.pdf
,,,,,,AT-250507-000_センサアタッチメント_組立図.pdf,docs/01_設備図面_PDF/03_脱水機図面/02‗部品図/AT-250507-000_センサアタッチメント_組立図.pdf
,,,,,,AT-250507-001_センサアタッチメント_部品図.pdf,docs/01_設備図面_PDF/03_脱水機図面/02‗部品図/AT-250507-001_センサアタッチメント_部品図.pdf
,,,,,,AT-250908-001_脱水機_部品図_上面カバー用フレーム.pdf,docs/01_設備図面_PDF/03_脱水機図面/02‗部品図/AT-250908-001_脱水機_部品図_上面カバー用フレーム.pdf
,,,,,,AT-250908-002_脱水機_部品図_上面カバー.pdf,docs/01_設備図面_PDF/03_脱水機図面/02‗部品図/AT-250908-002_脱水機_部品図_上面カバー.pdf
,,,,,,AT-250908-003_脱水機_部品図_側面カバー用ガイド.pdf,docs/01_設備図面_PDF/03_脱水機図面/02‗部品図/AT-250908-003_脱水機_部品図_側面カバー用ガイド.pdf
,,,,,,AT-250908-004_脱水機_部品図_コンベアすき間カバー.pdf,docs/01_設備図面_PDF/03_脱水機図面/02‗部品図/AT-250908-004_脱水機_部品図_コンベアすき間カバー.pdf
,,,,,,AT-250908-005_脱水機_部品図_上面・側面カバー.pdf,docs/01_設備図面_PDF/03_脱水機図面/02‗部品図/AT-250908-005_脱水機_部品図_上面・側面カバー.pdf
,,,,,,AT-250908_脱水機_カバー配置1.pdf,docs/01_設備図面_PDF/03_脱水機図面/02‗部品図/AT-250908_脱水機_カバー配置1.pdf
,,,,,,AT-250908_脱水機_カバー配置2.pdf,docs/01_設備図面_PDF/03_脱水機図面/02‗部品図/AT-250908_脱水機_カバー配置2.pdf
,,,,,,AT-250908_脱水機_カバー配置3.pdf,docs/01_設備図面_PDF/03_脱水機図面/02‗部品図/AT-250908_脱水機_カバー配置3.pdf
,,,,,,AT-250908_脱水機_カバー配置4.pdf,docs/01_設備図面_PDF/03_脱水機図面/02‗部品図/AT-250908_脱水機_カバー配置4.pdf
,,,,,,AT-250908_脱水機_カバー配置5.pdf,docs/01_設備図面_PDF/03_脱水機図面/02‗部品図/AT-250908_脱水機_カバー配置5.pdf
,,,,,,脱水機 桁上脚 SS 4脚 錆止塗装程度.pdf,docs/01_設備図面_PDF/03_脱水機図面/02‗部品図/脱水機 桁上脚 SS 4脚 錆止塗装程度.pdf
,,04_混練機図面,01_組立図,,,AT221121-09-1_混練機_組立図.pdf,docs/01_設備図面_PDF/04_混練機図面/01_組立図/AT221121-09-1_混練機_組立図.pdf
,,,,,,AT221121-09-2_混練機_組立図.pdf,docs/01_設備図面_PDF/04_混練機図面/01_組立図/AT221121-09-2_混練機_組立図.pdf
,,,,,,AT221121-09-3_混練機_組立図.pdf,docs/01_設備図面_PDF/04_混練機図面/01_組立図/AT221121-09-3_混練機_組立図.pdf
,,,02_部品図,,,AT-221121-09-1_フレーム.pdf,docs/01_設備図面_PDF/04_混練機図面/02_部品図/AT-221121-09-1_フレーム.pdf
,,,,,,AT-221121-09-2A_ホッパー.pdf,docs/01_設備図面_PDF/04_混練機図面/02_部品図/AT-221121-09-2A_ホッパー.pdf
,,,,,,AT-221121-09-3A_ケーシング1.pdf,docs/01_設備図面_PDF/04_混練機図面/02_部品図/AT-221121-09-3A_ケーシング1.pdf
,,,,,,AT-221121-09-4A_スクリュー軸、オイルシール、ピローフランジ他.pdf,docs/01_設備図面_PDF/04_混練機図面/02_部品図/AT-221121-09-4A_スクリュー軸、オイルシール、ピローフランジ他.pdf
,,,,,,AT-221121-09-5A_ブリッジ防止バー、オイルシールフランジ他.pdf,docs/01_設備図面_PDF/04_混練機図面/02_部品図/AT-221121-09-5A_ブリッジ防止バー、オイルシールフランジ他.pdf
,,,,,,AT-221121-09-6A_ジュラコンスペーサ、パッキン.pdf,docs/01_設備図面_PDF/04_混練機図面/02_部品図/AT-221121-09-6A_ジュラコンスペーサ、パッキン.pdf
,,,,,,AT-221121-09-7A_ケーシング2.pdf,docs/01_設備図面_PDF/04_混練機図面/02_部品図/AT-221121-09-7A_ケーシング2.pdf
,,,,,,AT-221121-09-8A_六角軸.pdf,docs/01_設備図面_PDF/04_混練機図面/02_部品図/AT-221121-09-8A_六角軸.pdf
,,,,,,AT-221121-09-9A_練り板、カラー、エンド板.pdf,docs/01_設備図面_PDF/04_混練機図面/02_部品図/AT-221121-09-9A_練り板、カラー、エンド板.pdf
,,05_乾燥機、復水器図面,01_組立図,,,AT221121-07-1_乾燥機・復水器_組立図.pdf,docs/01_設備図面_PDF/05_乾燥機、復水器図面/01_組立図/AT221121-07-1_乾燥機・復水器_組立図.pdf
,,,,,,AT221121-07-2_乾燥機・復水器_組立図.pdf,docs/01_設備図面_PDF/05_乾燥機、復水器図面/01_組立図/AT221121-07-2_乾燥機・復水器_組立図.pdf
,,,,,,AT221121-07-3_乾燥機・復水器_組立図.pdf,docs/01_設備図面_PDF/05_乾燥機、復水器図面/01_組立図/AT221121-07-3_乾燥機・復水器_組立図.pdf
,,,,,,AT221121-07-4_乾燥機・復水器_組立図.pdf,docs/01_設備図面_PDF/05_乾燥機、復水器図面/01_組立図/AT221121-07-4_乾燥機・復水器_組立図.pdf
,,,,,,AT221121-07-5_乾燥機・復水器_組立図.pdf,docs/01_設備図面_PDF/05_乾燥機、復水器図面/01_組立図/AT221121-07-5_乾燥機・復水器_組立図.pdf
,,,,,,AT221121-07-6_乾燥機・復水器_組立図.pdf,docs/01_設備図面_PDF/05_乾燥機、復水器図面/01_組立図/AT221121-07-6_乾燥機・復水器_組立図.pdf
,,,02_部品図,,,AT-221121-07-10B_ばね座上、ばね用ボス取付板、ばね用ボス.pdf,docs/01_設備図面_PDF/05_乾燥機、復水器図面/02_部品図/AT-221121-07-10B_ばね座上、ばね用ボス取付板、ばね用ボス.pdf
,,,,,,AT-221121-07-11_圧縮コイルばね.pdf,docs/01_設備図面_PDF/05_乾燥機、復水器図面/02_部品図/AT-221121-07-11_圧縮コイルばね.pdf
,,,,,,AT-221121-07-12B_ばね用ボス取付板、ばね座下.pdf,docs/01_設備図面_PDF/05_乾燥機、復水器図面/02_部品図/AT-221121-07-12B_ばね用ボス取付板、ばね座下.pdf
,,,,,,AT-221121-07-13B_パッキン、熱遮断シート、クッションシート.pdf,docs/01_設備図面_PDF/05_乾燥機、復水器図面/02_部品図/AT-221121-07-13B_パッキン、熱遮断シート、クッションシート.pdf
,,,,,,AT-221121-07-14_上板、下板、シャフト、中側板、背板、外側板.pdf,docs/01_設備図面_PDF/05_乾燥機、復水器図面/02_部品図/AT-221121-07-14_上板、下板、シャフト、中側板、背板、外側板.pdf
,,,,,,AT-221121-07-15A_スクレーパ.pdf,docs/01_設備図面_PDF/05_乾燥機、復水器図面/02_部品図/AT-221121-07-15A_スクレーパ.pdf
,,,,,,AT-221121-07-16B_ガイドレール、スライド板.pdf,docs/01_設備図面_PDF/05_乾燥機、復水器図面/02_部品図/AT-221121-07-16B_ガイドレール、スライド板.pdf
,,,,,,AT-221121-07-17A_ベースプレート.pdf,docs/01_設備図面_PDF/05_乾燥機、復水器図面/02_部品図/AT-221121-07-17A_ベースプレート.pdf
,,,,,,AT-221121-07-18A_化粧プレート.pdf,docs/01_設備図面_PDF/05_乾燥機、復水器図面/02_部品図/AT-221121-07-18A_化粧プレート.pdf
,,,,,,AT-221121-07-19_台形ねじ追加工、台座.pdf,docs/01_設備図面_PDF/05_乾燥機、復水器図面/02_部品図/AT-221121-07-19_台形ねじ追加工、台座.pdf
,,,,,,AT-221121-07-1B_本体フレーム.pdf,docs/01_設備図面_PDF/05_乾燥機、復水器図面/02_部品図/AT-221121-07-1B_本体フレーム.pdf
,,,,,,AT-221121-07-20A_ハウジング.pdf,docs/01_設備図面_PDF/05_乾燥機、復水器図面/02_部品図/AT-221121-07-20A_ハウジング.pdf
,,,,,,AT-221121-07-21A_シャフト.pdf,docs/01_設備図面_PDF/05_乾燥機、復水器図面/02_部品図/AT-221121-07-21A_シャフト.pdf
,,,,,,AT-221121-07-22A_ベアリング押え、カラー.pdf,docs/01_設備図面_PDF/05_乾燥機、復水器図面/02_部品図/AT-221121-07-22A_ベアリング押え、カラー.pdf
,,,,,,AT-221121-07-23B_復水タンク.pdf,docs/01_設備図面_PDF/05_乾燥機、復水器図面/02_部品図/AT-221121-07-23B_復水タンク.pdf
,,,,,,AT-221121-07-24B_蓋.pdf,docs/01_設備図面_PDF/05_乾燥機、復水器図面/02_部品図/AT-221121-07-24B_蓋.pdf
,,,,,,AT-221121-07-25C_冷却筒、蒸気吸入管、押え板、ノズル管、基礎ボルト.pdf,docs/01_設備図面_PDF/05_乾燥機、復水器図面/02_部品図/AT-221121-07-25C_冷却筒、蒸気吸入管、押え板、ノズル管、基礎ボルト.pdf
,,,,,,AT-221121-07-26B_熱遮断シート.pdf,docs/01_設備図面_PDF/05_乾燥機、復水器図面/02_部品図/AT-221121-07-26B_熱遮断シート.pdf
,,,,,,AT-221121-07-27B_側面断熱材.pdf,docs/01_設備図面_PDF/05_乾燥機、復水器図面/02_部品図/AT-221121-07-27B_側面断熱材.pdf
,,,,,,AT-221121-07-28B_側面断熱材.pdf,docs/01_設備図面_PDF/05_乾燥機、復水器図面/02_部品図/AT-221121-07-28B_側面断熱材.pdf
,,,,,,AT-221121-07-29B_底面断熱材.pdf,docs/01_設備図面_PDF/05_乾燥機、復水器図面/02_部品図/AT-221121-07-29B_底面断熱材.pdf
,,,,,,AT-221121-07-2A_フレーム、モーター座板.pdf,docs/01_設備図面_PDF/05_乾燥機、復水器図面/02_部品図/AT-221121-07-2A_フレーム、モーター座板.pdf
,,,,,,AT-221121-07-30B_底面断熱材.pdf,docs/01_設備図面_PDF/05_乾燥機、復水器図面/02_部品図/AT-221121-07-30B_底面断熱材.pdf
,,,,,,AT-221121-07-31A_手摺り.pdf,docs/01_設備図面_PDF/05_乾燥機、復水器図面/02_部品図/AT-221121-07-31A_手摺り.pdf
,,,,,,AT-221121-07-32A_サル梯子、ケージ.pdf,docs/01_設備図面_PDF/05_乾燥機、復水器図面/02_部品図/AT-221121-07-32A_サル梯子、ケージ.pdf
,,,,,,AT-221121-07-33A_側面断熱材.pdf,docs/01_設備図面_PDF/05_乾燥機、復水器図面/02_部品図/AT-221121-07-33A_側面断熱材.pdf
,,,,,,AT-221121-07-34A_ロータリーバルブ用シュート.pdf,docs/01_設備図面_PDF/05_乾燥機、復水器図面/02_部品図/AT-221121-07-34A_ロータリーバルブ用シュート.pdf
,,,,,,AT-221121-07-35A_ロータリーバルブ用ロータ.pdf,docs/01_設備図面_PDF/05_乾燥機、復水器図面/02_部品図/AT-221121-07-35A_ロータリーバルブ用ロータ.pdf
,,,,,,AT-221121-07-36A_ロータリーバルブ用側板、ケーシング、減速機取付板.pdf,docs/01_設備図面_PDF/05_乾燥機、復水器図面/02_部品図/AT-221121-07-36A_ロータリーバルブ用側板、ケーシング、減速機取付板.pdf
,,,,,,AT-221121-07-37A_ロータリーバルブ用タイロッド、短管.pdf,docs/01_設備図面_PDF/05_乾燥機、復水器図面/02_部品図/AT-221121-07-37A_ロータリーバルブ用タイロッド、短管.pdf
,,,,,,AT-221121-07-38A_ゴム板、パッキン.pdf,docs/01_設備図面_PDF/05_乾燥機、復水器図面/02_部品図/AT-221121-07-38A_ゴム板、パッキン.pdf
,,,,,,AT-221121-07-39A_ブラケット.pdf,docs/01_設備図面_PDF/05_乾燥機、復水器図面/02_部品図/AT-221121-07-39A_ブラケット.pdf
,,,,,,AT-221121-07-3B_ベースプレート.pdf,docs/01_設備図面_PDF/05_乾燥機、復水器図面/02_部品図/AT-221121-07-3B_ベースプレート.pdf
,,,,,,AT-221121-07-4B_化粧プレート.pdf,docs/01_設備図面_PDF/05_乾燥機、復水器図面/02_部品図/AT-221121-07-4B_化粧プレート.pdf
,,,,,,AT-221121-07-5B_スチームローラー.pdf,docs/01_設備図面_PDF/05_乾燥機、復水器図面/02_部品図/AT-221121-07-5B_スチームローラー.pdf
,,,,,,AT-221121-07-6B_スクレーパ.pdf,docs/01_設備図面_PDF/05_乾燥機、復水器図面/02_部品図/AT-221121-07-6B_スクレーパ.pdf
,,,,,,AT-221121-07-7C_汚泥供給配管.pdf,docs/01_設備図面_PDF/05_乾燥機、復水器図面/02_部品図/AT-221121-07-7C_汚泥供給配管.pdf
,,,,,,AT-221121-07-8C(_汚泥注入管.pdf,docs/01_設備図面_PDF/05_乾燥機、復水器図面/02_部品図/AT-221121-07-8C(_汚泥注入管.pdf
,,,,,,AT-221121-07-9B_汚泥注入管吊り下げフレーム.pdf,docs/01_設備図面_PDF/05_乾燥機、復水器図面/02_部品図/AT-221121-07-9B_汚泥注入管吊り下げフレーム.pdf
,,06_成型機図面,01_組立図,,,AT221121-08-1_プレス機_組立図.pdf,docs/01_設備図面_PDF/06_成型機図面/01_組立図/AT221121-08-1_プレス機_組立図.pdf
,,,,,,AT221121-08-2_プレス機_組立図.pdf,docs/01_設備図面_PDF/06_成型機図面/01_組立図/AT221121-08-2_プレス機_組立図.pdf
,,,,,,AT221121-08-3_プレス機_組立図.pdf,docs/01_設備図面_PDF/06_成型機図面/01_組立図/AT221121-08-3_プレス機_組立図.pdf
,,,,,,AT221121-08-4_プレス機_組立図.pdf,docs/01_設備図面_PDF/06_成型機図面/01_組立図/AT221121-08-4_プレス機_組立図.pdf
,,,02_部品図,,,AT-221121-08-10_油圧シリンダ固定板.pdf,docs/01_設備図面_PDF/06_成型機図面/02_部品図/AT-221121-08-10_油圧シリンダ固定板.pdf
,,,,,,AT-221121-08-11_タイロッド、ナット、ピストンベース、ピストンベースケース.pdf,docs/01_設備図面_PDF/06_成型機図面/02_部品図/AT-221121-08-11_タイロッド、ナット、ピストンベース、ピストンベースケース.pdf
,,,,,,AT-221121-08-12_押出しプレート.pdf,docs/01_設備図面_PDF/06_成型機図面/02_部品図/AT-221121-08-12_押出しプレート.pdf
,,,,,,AT-221121-08-13_サイクロン.pdf,docs/01_設備図面_PDF/06_成型機図面/02_部品図/AT-221121-08-13_サイクロン.pdf
,,,,,,AT-221121-08-14_モータープレート、シャフト他.pdf,docs/01_設備図面_PDF/06_成型機図面/02_部品図/AT-221121-08-14_モータープレート、シャフト他.pdf
,,,,,,AT-221121-08-15A_90°エルボ、ロングエルボ.pdf,docs/01_設備図面_PDF/06_成型機図面/02_部品図/AT-221121-08-15A_90°エルボ、ロングエルボ.pdf
,,,,,,AT-221121-08-16_ピローフランジ.pdf,docs/01_設備図面_PDF/06_成型機図面/02_部品図/AT-221121-08-16_ピローフランジ.pdf
,,,,,,AT-221121-08-1_フレーム.pdf,docs/01_設備図面_PDF/06_成型機図面/02_部品図/AT-221121-08-1_フレーム.pdf
,,,,,,AT-221121-08-2A_カバー、基礎ボルト.pdf,docs/01_設備図面_PDF/06_成型機図面/02_部品図/AT-221121-08-2A_カバー、基礎ボルト.pdf
,,,,,,AT-221121-08-3A_ケーシング.pdf,docs/01_設備図面_PDF/06_成型機図面/02_部品図/AT-221121-08-3A_ケーシング.pdf
,,,,,,AT-221121-08-4A_スクリュー軸、シャフトスペーサ、モータフランジ.pdf,docs/01_設備図面_PDF/06_成型機図面/02_部品図/AT-221121-08-4A_スクリュー軸、シャフトスペーサ、モータフランジ.pdf
,,,,,,AT-221121-08-5A_ホッパー.pdf,docs/01_設備図面_PDF/06_成型機図面/02_部品図/AT-221121-08-5A_ホッパー.pdf
,,,,,,AT-221121-08-7A_カバー.pdf,docs/01_設備図面_PDF/06_成型機図面/02_部品図/AT-221121-08-7A_カバー.pdf
,,,,,,AT-221121-08-8A_パッキン.pdf,docs/01_設備図面_PDF/06_成型機図面/02_部品図/AT-221121-08-8A_パッキン.pdf
,,,,,,AT-221121-08-9_シリンダ.pdf,docs/01_設備図面_PDF/06_成型機図面/02_部品図/AT-221121-08-9_シリンダ.pdf
,,07_スクリーン図面,01_組立図,,,AT-251024_スクリーン_組立図.pdf,docs/01_設備図面_PDF/07_スクリーン図面/01_組立図/AT-251024_スクリーン_組立図.pdf
,,,02_部品図,,,AT-251024-000_スクリーン脚_組立図.pdf,docs/01_設備図面_PDF/07_スクリーン図面/02_部品図/AT-251024-000_スクリーン脚_組立図.pdf
,,,,,,AT-251024-001_スクリーン脚_部品図.pdf,docs/01_設備図面_PDF/07_スクリーン図面/02_部品図/AT-251024-001_スクリーン脚_部品図.pdf
,,08_追加製作品図面,,,,AT-260114-001_追加製作品_凝集槽ふた、スクリーンろ液タンクふた.pdf,docs/01_設備図面_PDF/08_追加製作品図面/AT-260114-001_追加製作品_凝集槽ふた、スクリーンろ液タンクふた.pdf
,,,,,,AT-260114-002_追加製作品_復水タンクふた、プレス機回転部ふた.pdf,docs/01_設備図面_PDF/08_追加製作品図面/AT-260114-002_追加製作品_復水タンクふた、プレス機回転部ふた.pdf
,,,,,,AT-260114-003_追加製作品_プレス機すき間ふた.pdf,docs/01_設備図面_PDF/08_追加製作品図面/AT-260114-003_追加製作品_プレス機すき間ふた.pdf
,,,,,,AT-260114-004_追加製作品_ウェイト.pdf,docs/01_設備図面_PDF/08_追加製作品図面/AT-260114-004_追加製作品_ウェイト.pdf
,,,,,,AT-260114-005_追加製作品_脱水機コンベアカバー.pdf,docs/01_設備図面_PDF/08_追加製作品図面/AT-260114-005_追加製作品_脱水機コンベアカバー.pdf
,,,,,,AT-260114-006_追加製作品_脱水機コンベアカバー.pdf,docs/01_設備図面_PDF/08_追加製作品図面/AT-260114-006_追加製作品_脱水機コンベアカバー.pdf
,,,,,,AT-260114-007_脱水機、コンベアカバー_組立図.pdf,docs/01_設備図面_PDF/08_追加製作品図面/AT-260114-007_脱水機、コンベアカバー_組立図.pdf
,,,,,,AT-260114-008_追加製作品_脱水汚泥コンテナふた、脱水機コンベアカバー点検板.pdf,docs/01_設備図面_PDF/08_追加製作品図面/AT-260114-008_追加製作品_脱水汚泥コンテナふた、脱水機コンベアカバー点検板.pdf
,,,,,,AT-260114-009_追加製作品_脱水機汚泥シューター.pdf,docs/01_設備図面_PDF/08_追加製作品図面/AT-260114-009_追加製作品_脱水機汚泥シューター.pdf
,,,,,,AT-260114-010_追加製作品_し渣タンク臭気対策ボックス_部品図.pdf,docs/01_設備図面_PDF/08_追加製作品図面/AT-260114-010_追加製作品_し渣タンク臭気対策ボックス_部品図.pdf
,,,,,,AT-260114-011_追加製作品_し渣タンク臭気対策ボックス_部品図.pdf,docs/01_設備図面_PDF/08_追加製作品図面/AT-260114-011_追加製作品_し渣タンク臭気対策ボックス_部品図.pdf
,,,,,,AT-260114-012_追加製作品_し渣タンク臭気対策ボックス_部品図.pdf,docs/01_設備図面_PDF/08_追加製作品図面/AT-260114-012_追加製作品_し渣タンク臭気対策ボックス_部品図.pdf
,,,,,,AT-260114-013_追加製作品_スクリーンシューター.pdf,docs/01_設備図面_PDF/08_追加製作品図面/AT-260114-013_追加製作品_スクリーンシューター.pdf
,,,,,,AT-260114-014_追加製作品_スクリーンシューター_組立参考図.pdf,docs/01_設備図面_PDF/08_追加製作品図面/AT-260114-014_追加製作品_スクリーンシューター_組立参考図.pdf
,,,,,,AT-260123-001_追加製作品_アンププレート、断熱カバーストッパー.pdf,docs/01_設備図面_PDF/08_追加製作品図面/AT-260123-001_追加製作品_アンププレート、断熱カバーストッパー.pdf
,,,,,,AT-260123-002_追加製作品_断熱カバースペーサ.pdf,docs/01_設備図面_PDF/08_追加製作品図面/AT-260123-002_追加製作品_断熱カバースペーサ.pdf
,,,,,,AT-260130-001_乾燥機追加部品_電材プレート.pdf,docs/01_設備図面_PDF/08_追加製作品図面/AT-260130-001_乾燥機追加部品_電材プレート.pdf
,,,,,,AT-260202-001_乾燥機追加部品_ヒーター延長管組立図.pdf,docs/01_設備図面_PDF/08_追加製作品図面/AT-260202-001_乾燥機追加部品_ヒーター延長管組立図.pdf
,,,,,,AT-260202-002_乾燥機追加部品_配管取付プレート、ヒーター取付プレート.pdf,docs/01_設備図面_PDF/08_追加製作品図面/AT-260202-002_乾燥機追加部品_配管取付プレート、ヒーター取付プレート.pdf
,,,,,,AT-260206-001_スクリーン追加部品_スペーサ.pdf,docs/01_設備図面_PDF/08_追加製作品図面/AT-260206-001_スクリーン追加部品_スペーサ.pdf
,,,,,,AT-260212-001_混練機追加部品_ドラム缶吸い上げ配管、吐出側フランジ.pdf,docs/01_設備図面_PDF/08_追加製作品図面/AT-260212-001_混練機追加部品_ドラム缶吸い上げ配管、吐出側フランジ.pdf
,,,,,,AT-260212-001_混練機追加部品_ドラム缶吸い上げ配管、吐出側フランジ_補足.pdf,docs/01_設備図面_PDF/08_追加製作品図面/AT-260212-001_混練機追加部品_ドラム缶吸い上げ配管、吐出側フランジ_補足.pdf
,,,,,,AT-260220-001_脱水機修正部品図_整流板.pdf,docs/01_設備図面_PDF/08_追加製作品図面/AT-260220-001_脱水機修正部品図_整流板.pdf
,,,,,,AT-260220-001_脱水機越流堰改造部.pdf,docs/01_設備図面_PDF/08_追加製作品図面/AT-260220-001_脱水機越流堰改造部.pdf
,,,,,,AT-260220-001_脱水機越流堰改造部2.pdf,docs/01_設備図面_PDF/08_追加製作品図面/AT-260220-001_脱水機越流堰改造部2.pdf
,,,,,,AT-260221-001_脱水機修正部品図_コンベアウェイトプレート・ブロック.pdf,docs/01_設備図面_PDF/08_追加製作品図面/AT-260221-001_脱水機修正部品図_コンベアウェイトプレート・ブロック.pdf
,,,,,,AT-260306-001_追加ピット図.pdf,docs/01_設備図面_PDF/08_追加製作品図面/AT-260306-001_追加ピット図.pdf
,,,,,,AT-260306-002_追加ピット脚部ほか製作物.pdf,docs/01_設備図面_PDF/08_追加製作品図面/AT-260306-002_追加ピット脚部ほか製作物.pdf
,,,,,,AT-260306-補足_追加ピット組立図.pdf,docs/01_設備図面_PDF/08_追加製作品図面/AT-260306-補足_追加ピット組立図.pdf
,,,,,,AT-260310-001_乾燥機追加部品_上スペースカバー.pdf,docs/01_設備図面_PDF/08_追加製作品図面/AT-260310-001_乾燥機追加部品_上スペースカバー.pdf
,,,,,,AT-260310-001_乾燥機追加部品_上スペースカバー_補足.pdf,docs/01_設備図面_PDF/08_追加製作品図面/AT-260310-001_乾燥機追加部品_上スペースカバー_補足.pdf
,,,,,,銘板.pdf,docs/01_設備図面_PDF/08_追加製作品図面/銘板.pdf
,,09_バルクタンク図面,,,,01_バルクタンク‗RT-029-34500-2.pdf,docs/01_設備図面_PDF/09_バルクタンク図面/01_バルクタンク‗RT-029-34500-2.pdf
,,10_高圧蒸気ボイラ図面,,,,01_三浦工業_高圧蒸気ボイラ_缶体‗ミルシート付.pdf,docs/01_設備図面_PDF/10_高圧蒸気ボイラ図面/01_三浦工業_高圧蒸気ボイラ_缶体‗ミルシート付.pdf
,,,,,,02_三浦工業_高圧蒸気ボイラ_降水管.pdf,docs/01_設備図面_PDF/10_高圧蒸気ボイラ図面/02_三浦工業_高圧蒸気ボイラ_降水管.pdf
,,,,,,03_三浦工業_高圧蒸気ボイラ_ノズル詳細図.pdf,docs/01_設備図面_PDF/10_高圧蒸気ボイラ図面/03_三浦工業_高圧蒸気ボイラ_ノズル詳細図.pdf
,,,,,,04_三浦工業_高圧蒸気ボイラ_セパレータ.pdf,docs/01_設備図面_PDF/10_高圧蒸気ボイラ図面/04_三浦工業_高圧蒸気ボイラ_セパレータ.pdf
,,,,,,05_三浦工業_高圧蒸気ボイラ_節炭器本体.pdf,docs/01_設備図面_PDF/10_高圧蒸気ボイラ図面/05_三浦工業_高圧蒸気ボイラ_節炭器本体.pdf
,,,,,,06_三浦工業_ボイラ_AI-500-20S_外形図.pdf,docs/01_設備図面_PDF/10_高圧蒸気ボイラ図面/06_三浦工業_ボイラ_AI-500-20S_外形図.pdf
,,,,,,07_三浦工業_高圧蒸気ボイラ_AI-500_据付基礎図.pdf,docs/01_設備図面_PDF/10_高圧蒸気ボイラ図面/07_三浦工業_高圧蒸気ボイラ_AI-500_据付基礎図.pdf
,,,,,,08_三浦工業_高圧蒸気ボイラ_AI-500-20_取合い図.pdf,docs/01_設備図面_PDF/10_高圧蒸気ボイラ図面/08_三浦工業_高圧蒸気ボイラ_AI-500-20_取合い図.pdf
,,,,,,09_三浦工業_軟水装置_MS-22F_提出図.pdf,docs/01_設備図面_PDF/10_高圧蒸気ボイラ図面/09_三浦工業_軟水装置_MS-22F_提出図.pdf
,,,,,,10_三浦工業_給水タンク_100L_提出図.pdf,docs/01_設備図面_PDF/10_高圧蒸気ボイラ図面/10_三浦工業_給水タンク_100L_提出図.pdf
,,,,,,11_三浦工業_減圧弁セット_15A_提出図.pdf,docs/01_設備図面_PDF/10_高圧蒸気ボイラ図面/11_三浦工業_減圧弁セット_15A_提出図.pdf
,,,,,,12_三浦工業_通水流量計_提出図.pdf,docs/01_設備図面_PDF/10_高圧蒸気ボイラ図面/12_三浦工業_通水流量計_提出図.pdf
,,,,,,13_三浦工業_高圧蒸気ボイラ_配管フローシート.pdf,docs/01_設備図面_PDF/10_高圧蒸気ボイラ図面/13_三浦工業_高圧蒸気ボイラ_配管フローシート.pdf
,,,,,,14_三浦工業_高圧蒸気ボイラ_計装フロー接続図.pdf,docs/01_設備図面_PDF/10_高圧蒸気ボイラ図面/14_三浦工業_高圧蒸気ボイラ_計装フロー接続図.pdf
,,,,,,15_三浦工業_高圧蒸気ボイラ_機器配置図.pdf,docs/01_設備図面_PDF/10_高圧蒸気ボイラ図面/15_三浦工業_高圧蒸気ボイラ_機器配置図.pdf
,,,,,,16_三浦工業_配管施工図_参考図.pdf,docs/01_設備図面_PDF/10_高圧蒸気ボイラ図面/16_三浦工業_配管施工図_参考図.pdf
,02_電気図面_PDF,01_外注,01_場外汚泥洗浄システム,,,01_場外汚泥洗浄システム機制御盤_機器配置図.pdf,docs/02_電気図面_PDF/01_外注/01_場外汚泥洗浄システム/01_場外汚泥洗浄システム機制御盤_機器配置図.pdf
,,,,,,02_場外汚泥洗浄システム機制御盤_機器配置図_操作部拡大.pdf,docs/02_電気図面_PDF/01_外注/01_場外汚泥洗浄システム/02_場外汚泥洗浄システム機制御盤_機器配置図_操作部拡大.pdf
,,,,,,03_場外汚泥洗浄システム_電気図面.pdf,docs/02_電気図面_PDF/01_外注/01_場外汚泥洗浄システム/03_場外汚泥洗浄システム_電気図面.pdf
,,,,,,04_場外汚泥洗浄システム_配線系統図.pdf,docs/02_電気図面_PDF/01_外注/01_場外汚泥洗浄システム/04_場外汚泥洗浄システム_配線系統図.pdf
,,,,,,05_場外汚泥洗浄システム_部品表.pdf,docs/02_電気図面_PDF/01_外注/01_場外汚泥洗浄システム/05_場外汚泥洗浄システム_部品表.pdf
,,,02_屋内制御盤,01_脱水機とスクリーン,,01_脱水機とスクリーン_電気図面.pdf,docs/02_電気図面_PDF/01_外注/02_屋内制御盤/01_脱水機とスクリーン/01_脱水機とスクリーン_電気図面.pdf
,,,,,,02_脱水機とスクリーン_配線系統図.pdf,docs/02_電気図面_PDF/01_外注/02_屋内制御盤/01_脱水機とスクリーン/02_脱水機とスクリーン_配線系統図.pdf
,,,,,,03_脱水機とスクリーン_部品表.pdf,docs/02_電気図面_PDF/01_外注/02_屋内制御盤/01_脱水機とスクリーン/03_脱水機とスクリーン_部品表.pdf
,,,,02_混練機乾燥機,,01_混練り乾燥機_電気図面.pdf,docs/02_電気図面_PDF/01_外注/02_屋内制御盤/02_混練機乾燥機/01_混練り乾燥機_電気図面.pdf
,,,,,,02_混錬り乾燥機_配線系統図.pdf,docs/02_電気図面_PDF/01_外注/02_屋内制御盤/02_混練機乾燥機/02_混錬り乾燥機_配線系統図.pdf
,,,,,,03_混練り乾燥機_部品表.pdf,docs/02_電気図面_PDF/01_外注/02_屋内制御盤/02_混練機乾燥機/03_混練り乾燥機_部品表.pdf
,,,,03_屋内制御盤,,01_屋内制御盤_機器配置図.pdf,docs/02_電気図面_PDF/01_外注/02_屋内制御盤/03_屋内制御盤/01_屋内制御盤_機器配置図.pdf
,,,,,,02_屋内制御盤_機器配置図_操作部拡大.pdf,docs/02_電気図面_PDF/01_外注/02_屋内制御盤/03_屋内制御盤/02_屋内制御盤_機器配置図_操作部拡大.pdf
,,,03_分電盤,,,01_分電盤_納入仕様書.pdf,docs/02_電気図面_PDF/01_外注/03_分電盤/01_分電盤_納入仕様書.pdf
,,02_自社,,,,01-a_ろ過槽揚水ポンプ_単線結線図.pdf,docs/02_電気図面_PDF/02_自社/01-a_ろ過槽揚水ポンプ_単線結線図.pdf
,,,,,,01-b_ろ過槽揚水ポンプ_200V操作電源.pdf,docs/02_電気図面_PDF/02_自社/01-b_ろ過槽揚水ポンプ_200V操作電源.pdf
,,,,,,01-c_ろ過槽揚水ポンプ_24V制御回路.pdf,docs/02_電気図面_PDF/02_自社/01-c_ろ過槽揚水ポンプ_24V制御回路.pdf
,,,,,,02-a_ボイラ室LED照明設置_単線図.pdf,docs/02_電気図面_PDF/02_自社/02-a_ボイラ室LED照明設置_単線図.pdf
,,,,,,02-b_ボイラ室LED照明設置_複線図.pdf,docs/02_電気図面_PDF/02_自社/02-b_ボイラ室LED照明設置_複線図.pdf
,03_製作図面,01_コンテナ_製作図,01_汚泥用コンテナ製作図,01_コンテナ部,,01_汚泥用コンテナ_側板_部品図.pdf,docs/03_製作図面/01_コンテナ_製作図/01_汚泥用コンテナ製作図/01_コンテナ部/01_汚泥用コンテナ_側板_部品図.pdf
,,,,,,02_汚泥用コンテナ_底板_部品図.pdf,docs/03_製作図面/01_コンテナ_製作図/01_汚泥用コンテナ製作図/01_コンテナ部/02_汚泥用コンテナ_底板_部品図.pdf
,,,,,,03_汚泥用コンテナ_フォーク差込み部_部品図.pdf,docs/03_製作図面/01_コンテナ_製作図/01_汚泥用コンテナ製作図/01_コンテナ部/03_汚泥用コンテナ_フォーク差込み部_部品図.pdf
,,,,,,04_汚泥用コンテナ_コンテナ_組立図.pdf,docs/03_製作図面/01_コンテナ_製作図/01_汚泥用コンテナ製作図/01_コンテナ部/04_汚泥用コンテナ_コンテナ_組立図.pdf
,,,,,,05_汚泥用コンテナ_コンテナ部_パーツ一覧.pdf,docs/03_製作図面/01_コンテナ_製作図/01_汚泥用コンテナ製作図/01_コンテナ部/05_汚泥用コンテナ_コンテナ部_パーツ一覧.pdf
,,,,02_蓋部,,01_汚泥用コンテナ_蓋_部品図.pdf,docs/03_製作図面/01_コンテナ_製作図/01_汚泥用コンテナ製作図/02_蓋部/01_汚泥用コンテナ_蓋_部品図.pdf
,,,,,,02_汚泥用コンテナ_蓋用補強板_部品図.pdf,docs/03_製作図面/01_コンテナ_製作図/01_汚泥用コンテナ製作図/02_蓋部/02_汚泥用コンテナ_蓋用補強板_部品図.pdf
,,,,,,03_汚泥用コンテナ_蓋部_パーツ一覧、組立図.pdf,docs/03_製作図面/01_コンテナ_製作図/01_汚泥用コンテナ製作図/02_蓋部/03_汚泥用コンテナ_蓋部_パーツ一覧、組立図.pdf
,,,02_製品用コンテナ製作図,01_コンテナ部,,01_製品用コンテナ_側板_部品図.pdf,docs/03_製作図面/01_コンテナ_製作図/02_製品用コンテナ製作図/01_コンテナ部/01_製品用コンテナ_側板_部品図.pdf
,,,,,,02_製品用コンテナ_底板_部品図.pdf,docs/03_製作図面/01_コンテナ_製作図/02_製品用コンテナ製作図/01_コンテナ部/02_製品用コンテナ_底板_部品図.pdf
,,,,,,03_製品用コンテナ_フォーク差込み部_部品図.pdf,docs/03_製作図面/01_コンテナ_製作図/02_製品用コンテナ製作図/01_コンテナ部/03_製品用コンテナ_フォーク差込み部_部品図.pdf
,,,,,,04_製品用コンテナ_コンテナ部_組立図.pdf,docs/03_製作図面/01_コンテナ_製作図/02_製品用コンテナ製作図/01_コンテナ部/04_製品用コンテナ_コンテナ部_組立図.pdf
,,,,,,05_製品用コンテナ_コンテナ部_パーツ一覧.pdf,docs/03_製作図面/01_コンテナ_製作図/02_製品用コンテナ製作図/01_コンテナ部/05_製品用コンテナ_コンテナ部_パーツ一覧.pdf
,,,,02_蓋部,,01_製品用コンテナ_蓋_部品図.pdf,docs/03_製作図面/01_コンテナ_製作図/02_製品用コンテナ製作図/02_蓋部/01_製品用コンテナ_蓋_部品図.pdf
,,,,,,02_製品用コンテナ_蓋用補強板_部品図.pdf,docs/03_製作図面/01_コンテナ_製作図/02_製品用コンテナ製作図/02_蓋部/02_製品用コンテナ_蓋用補強板_部品図.pdf
,,,,,,03_製品用コンテナ_蓋部_パーツ一覧、組立図.pdf,docs/03_製作図面/01_コンテナ_製作図/02_製品用コンテナ製作図/02_蓋部/03_製品用コンテナ_蓋部_パーツ一覧、組立図.pdf
,,,03_粗目用コンテナ製作図,01_コンテナ部,,01_粗目用コンテナ_側板_部品図.pdf,docs/03_製作図面/01_コンテナ_製作図/03_粗目用コンテナ製作図/01_コンテナ部/01_粗目用コンテナ_側板_部品図.pdf
,,,,,,02_粗目用コンテナ_底板_部品図.pdf,docs/03_製作図面/01_コンテナ_製作図/03_粗目用コンテナ製作図/01_コンテナ部/02_粗目用コンテナ_底板_部品図.pdf
,,,,,,03_粗目用コンテナ_フォーク差込み部_部品図.pdf,docs/03_製作図面/01_コンテナ_製作図/03_粗目用コンテナ製作図/01_コンテナ部/03_粗目用コンテナ_フォーク差込み部_部品図.pdf
,,,,,,04_粗目用コンテナ_底板補強アングル_部品図.pdf,docs/03_製作図面/01_コンテナ_製作図/03_粗目用コンテナ製作図/01_コンテナ部/04_粗目用コンテナ_底板補強アングル_部品図.pdf
,,,,,,05_粗目用コンテナ_コンテナ部_組立図.pdf,docs/03_製作図面/01_コンテナ_製作図/03_粗目用コンテナ製作図/01_コンテナ部/05_粗目用コンテナ_コンテナ部_組立図.pdf
,,,,,,06_粗目用コンテナ_コンテナ部_パーツ一覧.pdf,docs/03_製作図面/01_コンテナ_製作図/03_粗目用コンテナ製作図/01_コンテナ部/06_粗目用コンテナ_コンテナ部_パーツ一覧.pdf
,,,,02_蓋部,,01_粗目用コンテナ_蓋_部品図.pdf,docs/03_製作図面/01_コンテナ_製作図/03_粗目用コンテナ製作図/02_蓋部/01_粗目用コンテナ_蓋_部品図.pdf
,,,,,,02_粗目用コンテナ_蓋_パーツ一覧.pdf,docs/03_製作図面/01_コンテナ_製作図/03_粗目用コンテナ製作図/02_蓋部/02_粗目用コンテナ_蓋_パーツ一覧.pdf
,,,04_共通,,,01_汚泥用・製品用コンテナ共通_蓋用取手_部品図.pdf,docs/03_製作図面/01_コンテナ_製作図/04_共通/01_汚泥用・製品用コンテナ共通_蓋用取手_部品図.pdf
,,,,,,02_共通_フォーク差込み部当て板_部品図.pdf,docs/03_製作図面/01_コンテナ_製作図/04_共通/02_共通_フォーク差込み部当て板_部品図.pdf
,,02_排風機吸込みレジューサ_製作図,,,,01_プレートA_部品図.pdf,docs/03_製作図面/02_排風機吸込みレジューサ_製作図/01_プレートA_部品図.pdf
,,,,,,02_プレートB_部品図.pdf,docs/03_製作図面/02_排風機吸込みレジューサ_製作図/02_プレートB_部品図.pdf
,,,,,,03_吸込フランジ_部品図.pdf,docs/03_製作図面/02_排風機吸込みレジューサ_製作図/03_吸込フランジ_部品図.pdf
,,,,,,04_レジューサ製作‗600×300A‗組立図.pdf,docs/03_製作図面/02_排風機吸込みレジューサ_製作図/04_レジューサ製作‗600×300A‗組立図.pdf
,,03_排風機吐出ダクト_製作図,,,,01_プレートA_部品図.pdf,docs/03_製作図面/03_排風機吐出ダクト_製作図/01_プレートA_部品図.pdf
,,,,,,02_プレートB_部品図.pdf,docs/03_製作図面/03_排風機吐出ダクト_製作図/02_プレートB_部品図.pdf
,,,,,,03_プレートC_部品図.pdf,docs/03_製作図面/03_排風機吐出ダクト_製作図/03_プレートC_部品図.pdf
,,,,,,04_プレートD_部品図.pdf,docs/03_製作図面/03_排風機吐出ダクト_製作図/04_プレートD_部品図.pdf
,,,,,,05_吐出フランジ_部品図.pdf,docs/03_製作図面/03_排風機吐出ダクト_製作図/05_吐出フランジ_部品図.pdf
,,,,,,06_偏心角ダクト‗組立図.pdf,docs/03_製作図面/03_排風機吐出ダクト_製作図/06_偏心角ダクト‗組立図.pdf
,,04_脱臭配管サポート_製作図,,,,01_PS-1_組立図.pdf,docs/03_製作図面/04_脱臭配管サポート_製作図/01_PS-1_組立図.pdf
,,,,,,02_PS-2_組立図.pdf,docs/03_製作図面/04_脱臭配管サポート_製作図/02_PS-2_組立図.pdf
,,,,,,03_PS-3_組立図.pdf,docs/03_製作図面/04_脱臭配管サポート_製作図/03_PS-3_組立図.pdf
,,,,,,04_PS-4_製作図.pdf,docs/03_製作図面/04_脱臭配管サポート_製作図/04_PS-4_製作図.pdf
,,,,,,05_PS-5_組立図.pdf,docs/03_製作図面/04_脱臭配管サポート_製作図/05_PS-5_組立図.pdf
,,,,,,06_PS-6_組立図.pdf,docs/03_製作図面/04_脱臭配管サポート_製作図/06_PS-6_組立図.pdf
,,,,,,07_PS-7_組立図.pdf,docs/03_製作図面/04_脱臭配管サポート_製作図/07_PS-7_組立図.pdf
,,,,,,08_PS-8_組立図.pdf,docs/03_製作図面/04_脱臭配管サポート_製作図/08_PS-8_組立図.pdf
,,05_脱水機臭気カバー_部品図,,,,10_側面カバーH_部品図.pdf,docs/03_製作図面/05_脱水機臭気カバー_部品図/10_側面カバーH_部品図.pdf
,,,,,,11_側面カバーI_部品図.pdf,docs/03_製作図面/05_脱水機臭気カバー_部品図/11_側面カバーI_部品図.pdf
,,,,,,12_側面カバーJ_部品図.pdf,docs/03_製作図面/05_脱水機臭気カバー_部品図/12_側面カバーJ_部品図.pdf
,,,,,,1_上面カバーA_部品図.pdf,docs/03_製作図面/05_脱水機臭気カバー_部品図/1_上面カバーA_部品図.pdf
,,,,,,2_上面カバーB_部品図.pdf,docs/03_製作図面/05_脱水機臭気カバー_部品図/2_上面カバーB_部品図.pdf
,,,,,,3_側面カバーA_部品図.pdf,docs/03_製作図面/05_脱水機臭気カバー_部品図/3_側面カバーA_部品図.pdf
,,,,,,4_側面カバーB_部品図.pdf,docs/03_製作図面/05_脱水機臭気カバー_部品図/4_側面カバーB_部品図.pdf
,,,,,,5_側面カバーC_部品図.pdf,docs/03_製作図面/05_脱水機臭気カバー_部品図/5_側面カバーC_部品図.pdf
,,,,,,6_側面カバーD_部品図.pdf,docs/03_製作図面/05_脱水機臭気カバー_部品図/6_側面カバーD_部品図.pdf
,,,,,,7_側面カバーE_部品図.pdf,docs/03_製作図面/05_脱水機臭気カバー_部品図/7_側面カバーE_部品図.pdf
,,,,,,8_側面カバーF‗部品図_改訂.pdf,docs/03_製作図面/05_脱水機臭気カバー_部品図/8_側面カバーF‗部品図_改訂.pdf
,,,,,,9_側面カバーG‗部品図_改訂.pdf,docs/03_製作図面/05_脱水機臭気カバー_部品図/9_側面カバーG‗部品図_改訂.pdf
,,06_点検口ふた_製作図,,,,01_ふたA_改訂_製作図.pdf,docs/03_製作図面/06_点検口ふた_製作図/01_ふたA_改訂_製作図.pdf
,,,,,,02_ふたB_改訂_製作図.pdf,docs/03_製作図面/06_点検口ふた_製作図/02_ふたB_改訂_製作図.pdf
,,,,,,03_ふたC-1_改訂_製作図.pdf,docs/03_製作図面/06_点検口ふた_製作図/03_ふたC-1_改訂_製作図.pdf
,,,,,,04_ふたC-2_改訂_製作図.pdf,docs/03_製作図面/06_点検口ふた_製作図/04_ふたC-2_改訂_製作図.pdf
,,,,,,05_ふたD_製作図.pdf,docs/03_製作図面/06_点検口ふた_製作図/05_ふたD_製作図.pdf
,,,,,,06_ふたE_製作図.pdf,docs/03_製作図面/06_点検口ふた_製作図/06_ふたE_製作図.pdf
,,,,,,07_点検口ふた配置_改訂.pdf,docs/03_製作図面/06_点検口ふた_製作図/07_点検口ふた配置_改訂.pdf
,,07_分電盤架台_製作図,,,,01_分電盤架台_パーツ2_部品図.pdf,docs/03_製作図面/07_分電盤架台_製作図/01_分電盤架台_パーツ2_部品図.pdf
,,,,,,02_分電盤架台_パーツ3_部品図.pdf,docs/03_製作図面/07_分電盤架台_製作図/02_分電盤架台_パーツ3_部品図.pdf
,,,,,,03_分電盤架台_パーツ6_部品図.pdf,docs/03_製作図面/07_分電盤架台_製作図/03_分電盤架台_パーツ6_部品図.pdf
,,,,,,04_分電盤架台_パーツ8_部品図.pdf,docs/03_製作図面/07_分電盤架台_製作図/04_分電盤架台_パーツ8_部品図.pdf
,,,,,,05_分電盤架台_組立図.pdf,docs/03_製作図面/07_分電盤架台_製作図/05_分電盤架台_組立図.pdf
,,,,,,06_分電盤架台_パーツ一覧.pdf,docs/03_製作図面/07_分電盤架台_製作図/06_分電盤架台_パーツ一覧.pdf
,,08_凝集槽ふた_製作図,,,,凝集槽ふた.pdf,docs/03_製作図面/08_凝集槽ふた_製作図/凝集槽ふた.pdf
,,09_各種サポート_製作図,,,,01_テント倉庫―薬品ヤード間配管ラックサポートA_部品図.pdf,docs/03_製作図面/09_各種サポート_製作図/01_テント倉庫―薬品ヤード間配管ラックサポートA_部品図.pdf
,,,,,,02_テント倉庫―薬品ヤード間配管ラックサポートB_部品図.pdf,docs/03_製作図面/09_各種サポート_製作図/02_テント倉庫―薬品ヤード間配管ラックサポートB_部品図.pdf
,,,,,,03_混合槽行サポートA_部品図.pdf,docs/03_製作図面/09_各種サポート_製作図/03_混合槽行サポートA_部品図.pdf
,,,,,,04_混合槽行サポートB_部品図.pdf,docs/03_製作図面/09_各種サポート_製作図/04_混合槽行サポートB_部品図.pdf
,,,,,,05_混合槽配管ラックH鋼サポート_部品図.pdf,docs/03_製作図面/09_各種サポート_製作図/05_混合槽配管ラックH鋼サポート_部品図.pdf
,,,,,,06_受槽東側配管ラックH鋼サポート_部品図.pdf,docs/03_製作図面/09_各種サポート_製作図/06_受槽東側配管ラックH鋼サポート_部品図.pdf
,,,,,,07_受槽防液堤サポート_組立図.pdf,docs/03_製作図面/09_各種サポート_製作図/07_受槽防液堤サポート_組立図.pdf
,,,,,,08_ろ過槽行配管ラックH鋼サポート_部品図.pdf,docs/03_製作図面/09_各種サポート_製作図/08_ろ過槽行配管ラックH鋼サポート_部品図.pdf
,,,,,,09_ろ過槽配管サポート_製作図.pdf,docs/03_製作図面/09_各種サポート_製作図/09_ろ過槽配管サポート_製作図.pdf
,,,,,,10_共通_ベースプレート_部品図.pdf,docs/03_製作図面/09_各種サポート_製作図/10_共通_ベースプレート_部品図.pdf
,,,,,,11_カチオン添加配管サポートA_製作図.pdf,docs/03_製作図面/09_各種サポート_製作図/11_カチオン添加配管サポートA_製作図.pdf
,,,,,,12_カチオン添加配管サポートB_製作図.pdf,docs/03_製作図面/09_各種サポート_製作図/12_カチオン添加配管サポートB_製作図.pdf
,,,,,,13_カチオン添加配管サポートC_製作図.pdf,docs/03_製作図面/09_各種サポート_製作図/13_カチオン添加配管サポートC_製作図.pdf
,,,,,,14_カチオン添加配管サポートD_製作図.pdf,docs/03_製作図面/09_各種サポート_製作図/14_カチオン添加配管サポートD_製作図.pdf
,,,,,,15-a_カチオン添加配管サポートE_パーツ2_部品図.pdf,docs/03_製作図面/09_各種サポート_製作図/15-a_カチオン添加配管サポートE_パーツ2_部品図.pdf
,,,,,,15-b_カチオン添加配管サポートE_パーツ3_部品図.pdf,docs/03_製作図面/09_各種サポート_製作図/15-b_カチオン添加配管サポートE_パーツ3_部品図.pdf
,,,,,,15-c_カチオン添加配管サポートE_パーツ4_部品図.pdf,docs/03_製作図面/09_各種サポート_製作図/15-c_カチオン添加配管サポートE_パーツ4_部品図.pdf
,,,,,,15-d_カチオン添加配管サポートE_パーツ5_部品図.pdf,docs/03_製作図面/09_各種サポート_製作図/15-d_カチオン添加配管サポートE_パーツ5_部品図.pdf
,,,,,,15-e_カチオン添加配管サポートE_パーツ6_部品図.pdf,docs/03_製作図面/09_各種サポート_製作図/15-e_カチオン添加配管サポートE_パーツ6_部品図.pdf
,,,,,,15_カチオン添加配管サポートE_組立図.pdf,docs/03_製作図面/09_各種サポート_製作図/15_カチオン添加配管サポートE_組立図.pdf
,,10_配管貫通、断面,,,,01_配管貫通部プレート_製作図.pdf,docs/03_製作図面/10_配管貫通、断面/01_配管貫通部プレート_製作図.pdf
,,,,,,02_配管配置断面図.pdf,docs/03_製作図面/10_配管貫通、断面/02_配管配置断面図.pdf
,04_機器図面_PDF,,,,,01_日機装エイコー-A25-234600A_FG40-S7RC-MCVSP_400V_外形寸法図.pdf,docs/04_機器図面_PDF/01_日機装エイコー-A25-234600A_FG40-S7RC-MCVSP_400V_外形寸法図.pdf
,,,,,,02_イワキ_TD-F8VSFF3-04_ポンプ部構造図.pdf,docs/04_機器図面_PDF/02_イワキ_TD-F8VSFF3-04_ポンプ部構造図.pdf
,,,,,,03_イワキ_TD-F8VSFF3-04_外形図.pdf,docs/04_機器図面_PDF/03_イワキ_TD-F8VSFF3-04_外形図.pdf
,,,,,,04_イワキ_安全弁_RV-25V-25_外形図.pdf,docs/04_機器図面_PDF/04_イワキ_安全弁_RV-25V-25_外形図.pdf
,,,,,,05_兵神装備_2NYS30_外形寸法図.pdf,docs/04_機器図面_PDF/05_兵神装備_2NYS30_外形寸法図.pdf
,,,,,,06_兵神装備_CY10_外形寸法図.pdf,docs/04_機器図面_PDF/06_兵神装備_CY10_外形寸法図.pdf
,,,,,,07_理研機器-MP-15S(G) JAPAN_外形図.pdf,docs/04_機器図面_PDF/07_理研機器-MP-15S(G) JAPAN_外形図.pdf
,,,,,,08_ベン_電磁弁_WS22-F_4_WS22-F(10-25A)_参考図.pdf,docs/04_機器図面_PDF/08_ベン_電磁弁_WS22-F_4_WS22-F(10-25A)_参考図.pdf
,,,,,,09_ベン_電磁弁_WS22-F_4_WS22-F(10-25A)_端子箱付参考図.pdf,docs/04_機器図面_PDF/09_ベン_電磁弁_WS22-F_4_WS22-F(10-25A)_端子箱付参考図.pdf
,05_機器仕様,,,,,01_荏原製作所_50DNA61.5_承認図.pdf,docs/05_機器仕様/01_荏原製作所_50DNA61.5_承認図.pdf
,,,,,,02_荏原製作所_50LPD61.5E_承認図.pdf,docs/05_機器仕様/02_荏原製作所_50LPD61.5E_承認図.pdf
,,,,,,03_荏原製作所_5RKE61.5B_承認図.pdf,docs/05_機器仕様/03_荏原製作所_5RKE61.5B_承認図.pdf
,,,,,,04_鶴見製作所_50PU2.75_仕様図.pdf,docs/05_機器仕様/04_鶴見製作所_50PU2.75_仕様図.pdf
,,,,,,05_鶴見製作所_80PUT22.2_仕様図.pdf,docs/05_機器仕様/05_鶴見製作所_80PUT22.2_仕様図.pdf
,,,,,,06_日機装エイコー_FG40-MCV_性能曲線.pdf,docs/05_機器仕様/06_日機装エイコー_FG40-MCV_性能曲線.pdf
,,,,,,07_イワキ_TD-F8VSFF3-04_標準性能曲線.pdf,docs/05_機器仕様/07_イワキ_TD-F8VSFF3-04_標準性能曲線.pdf
,,,,,,08_兵神装備_2NYS30_288882_納入仕様書.PDF,docs/05_機器仕様/08_兵神装備_2NYS30_288882_納入仕様書.PDF
,,,,,,09_兵神装備_CY10_290898_納入仕様書.PDF,docs/05_機器仕様/09_兵神装備_CY10_290898_納入仕様書.PDF
,,,,,,10_アンレット_BS32‗納入仕様書.pdf,docs/05_機器仕様/10_アンレット_BS32‗納入仕様書.pdf
,,,,,,11_TLV_スチームトラップ_J5X_製品仕様書.pdf,docs/05_機器仕様/11_TLV_スチームトラップ_J5X_製品仕様書.pdf
,,,,,,12_中国工業_バルクタンク‗RT-029-34500-2_仕様書、強度計算書.pdf,docs/05_機器仕様/12_中国工業_バルクタンク‗RT-029-34500-2_仕様書、強度計算書.pdf
,,,,,,13_三浦工業__ボイラーAI-500 20S‗強度計算書・伝熱面積計算書・安全弁計算書.pdf,docs/05_機器仕様/13_三浦工業__ボイラーAI-500 20S‗強度計算書・伝熱面積計算書・安全弁計算書.pdf
,,,,,,14_三浦工業_高圧蒸気ボイラ_AI-50020S_仕様書.pdf,docs/05_機器仕様/14_三浦工業_高圧蒸気ボイラ_AI-50020S_仕様書.pdf
,,,,,,15_三浦工業_高圧蒸気ボイラ設備_フローシート.pdf,docs/05_機器仕様/15_三浦工業_高圧蒸気ボイラ設備_フローシート.pdf
,,,,,,16_機器仕様書.pdf,docs/05_機器仕様/16_機器仕様書.pdf
,,,,,,17_その他機器仕様書.pdf,docs/05_機器仕様/17_その他機器仕様書.pdf
,06_取扱説明書,01_電動機類,,,,01_荏原製作所_雑排水用水中ポンプ_DN_取扱説明書.pdf,docs/06_取扱説明書/01_電動機類/01_荏原製作所_雑排水用水中ポンプ_DN_取扱説明書.pdf
,,,,,,02_荏原製作所_ラインポンプ_LPD型_取扱説明書.pdf,docs/06_取扱説明書/01_電動機類/02_荏原製作所_ラインポンプ_LPD型_取扱説明書.pdf
,,,,,,03_荏原製作所_高圧渦流ポンプ_RK型_取扱説明書.pdf,docs/06_取扱説明書/01_電動機類/03_荏原製作所_高圧渦流ポンプ_RK型_取扱説明書.pdf
,,,,,,04_鶴見製作所_50PU2.75-63_取扱説明書.pdf,docs/06_取扱説明書/01_電動機類/04_鶴見製作所_50PU2.75-63_取扱説明書.pdf
,,,,,,05_鶴見製作所_80PUT22.2-61_取扱説明書.pdf,docs/06_取扱説明書/01_電動機類/05_鶴見製作所_80PUT22.2-61_取扱説明書.pdf
,,,,,,06_日機装エイコー_FGシリーズ_取扱説明書.pdf,docs/06_取扱説明書/01_電動機類/06_日機装エイコー_FGシリーズ_取扱説明書.pdf
,,,,,,07_イワキ_定量ポンプ_TD-F_取扱説明書.pdf,docs/06_取扱説明書/01_電動機類/07_イワキ_定量ポンプ_TD-F_取扱説明書.pdf
,,,,,,08_兵神装備_NYS(01A878RC)_288882_取扱説明書.pdf,docs/06_取扱説明書/01_電動機類/08_兵神装備_NYS(01A878RC)_288882_取扱説明書.pdf
,,,,,,09_兵神装備_CY(ファイン)(01A848RB)_290898_取扱説明書.pdf,docs/06_取扱説明書/01_電動機類/09_兵神装備_CY(ファイン)(01A848RB)_290898_取扱説明書.pdf
,,,,,,10_アンレット_BS型_取扱説明書.pdf,docs/06_取扱説明書/01_電動機類/10_アンレット_BS型_取扱説明書.pdf
,,,,,,11_理研機器_電動ポンプ_MP-15S_取扱説明書.pdf,docs/06_取扱説明書/01_電動機類/11_理研機器_電動ポンプ_MP-15S_取扱説明書.pdf
,,,,,,12_タカトテクニカ_静音オイルレスエアーコンプレッサー_取扱説明書.pdf,docs/06_取扱説明書/01_電動機類/12_タカトテクニカ_静音オイルレスエアーコンプレッサー_取扱説明書.pdf
,,02_センサ類,01_キーエンス_レーザー式レベルセンサ,,,01_キーエンス_レーザー式レベルセンサ_FRシリーズ（FR-LM20_FR-LM20L_FR-LMH20）ロングレンジ_取扱説明書.pdf,docs/06_取扱説明書/02_センサ類/01_キーエンス_レーザー式レベルセンサ/01_キーエンス_レーザー式レベルセンサ_FRシリーズ（FR-LM20_FR-LM20L_FR-LMH20）ロングレンジ_取扱説明書.pdf
,,,,,,02_キーエンス_レーザー式レベルセンサ_FRシリーズ（FR-S01）ショートレンジ_取扱説明書.pdf,docs/06_取扱説明書/02_センサ類/01_キーエンス_レーザー式レベルセンサ/02_キーエンス_レーザー式レベルセンサ_FRシリーズ（FR-S01）ショートレンジ_取扱説明書.pdf
,,,,,,03_キーエンス_レーザー式レベルセンサ_FRシリーズ_ユーザーズマニュアル.pdf,docs/06_取扱説明書/02_センサ類/01_キーエンス_レーザー式レベルセンサ/03_キーエンス_レーザー式レベルセンサ_FRシリーズ_ユーザーズマニュアル.pdf
,,,,,,04_キーエンス_レーザー式レベルセンサ_FR設定手順書 ショートレンジ標準(応用編).pdf,docs/06_取扱説明書/02_センサ類/01_キーエンス_レーザー式レベルセンサ/04_キーエンス_レーザー式レベルセンサ_FR設定手順書 ショートレンジ標準(応用編).pdf
,,,,,,05_キーエンス_レーザー式レベルセンサ_FR-LM20用保護カバー_FR-LMP1_取扱説明書.pdf,docs/06_取扱説明書/02_センサ類/01_キーエンス_レーザー式レベルセンサ/05_キーエンス_レーザー式レベルセンサ_FR-LM20用保護カバー_FR-LMP1_取扱説明書.pdf
,,,,,,06_キーエンス_レーザー式レベルセンサ_表示器背面取付具_FR-LB2_取扱説明書.pdf,docs/06_取扱説明書/02_センサ類/01_キーエンス_レーザー式レベルセンサ/06_キーエンス_レーザー式レベルセンサ_表示器背面取付具_FR-LB2_取扱説明書.pdf
,,,,,,07_キーエンス_レーザー式レベルセンサ_FR-S01用保護カバー_FR-SP1_取扱説明書.pdf,docs/06_取扱説明書/02_センサ類/01_キーエンス_レーザー式レベルセンサ/07_キーエンス_レーザー式レベルセンサ_FR-S01用保護カバー_FR-SP1_取扱説明書.pdf
,,,02_キーエンス_クランプオン式流量計,,,01_キーエンス_クランプオン式流量計_FD-Rシリーズ_取扱説明書.pdf,docs/06_取扱説明書/02_センサ類/02_キーエンス_クランプオン式流量計/01_キーエンス_クランプオン式流量計_FD-Rシリーズ_取扱説明書.pdf
,,,,,,02_キーエンス_マルチプロセス表示ユニット_FI-1000_取扱説明書.pdf,docs/06_取扱説明書/02_センサ類/02_キーエンス_クランプオン式流量計/02_キーエンス_マルチプロセス表示ユニット_FI-1000_取扱説明書.pdf
,,,03_キーエンス_耐環境デジタル圧力センサ,,,01_キーエンス_耐環境デジタル圧力センサ_GP-M_取扱説明書.pdf,docs/06_取扱説明書/02_センサ類/03_キーエンス_耐環境デジタル圧力センサ/01_キーエンス_耐環境デジタル圧力センサ_GP-M_取扱説明書.pdf
,,,04_キーエンス_デジタル放射温度センサ,,,01_キーエンス_デジタル放射温度センサ_FT_取扱説明書.pdf,docs/06_取扱説明書/02_センサ類/04_キーエンス_デジタル放射温度センサ/01_キーエンス_デジタル放射温度センサ_FT_取扱説明書.pdf
,,03_その他,,,,01_ベン_電磁弁_WS-22_5_WS-22_取扱説明書.pdf,docs/06_取扱説明書/03_その他/01_ベン_電磁弁_WS-22_5_WS-22_取扱説明書.pdf
,,,,,,02_八光電機_デジタル温度センサ_DGC2330_取扱説明書.pdf,docs/06_取扱説明書/03_その他/02_八光電機_デジタル温度センサ_DGC2330_取扱説明書.pdf
,,,,,,03_八光電機_シリコンラバーヒーター_取扱説明書.pdf,docs/06_取扱説明書/03_その他/03_八光電機_シリコンラバーヒーター_取扱説明書.pdf
,,,,,,04_八光電機_ドラム缶用ラバーヒーター_SBH0720_取扱説明書.pdf,docs/06_取扱説明書/03_その他/04_八光電機_ドラム缶用ラバーヒーター_SBH0720_取扱説明書.pdf
,,,,,,05_八光電機_保温ジャケット_NGJ0021_取扱説明書.pdf,docs/06_取扱説明書/03_その他/05_八光電機_保温ジャケット_NGJ0021_取扱説明書.pdf
,,,,,,06_八光電機_熱風機_HOTWIND_日本語取説.pdf,docs/06_取扱説明書/03_その他/06_八光電機_熱風機_HOTWIND_日本語取説.pdf
,,,,,,07_昭和技研工業_スイベルジョイント_S3_PK_取扱説明書.pdf,docs/06_取扱説明書/03_その他/07_昭和技研工業_スイベルジョイント_S3_PK_取扱説明書.pdf
,,,,,,08_TLV_フリーフロートスチームトラップ_取扱説明書.pdf,docs/06_取扱説明書/03_その他/08_TLV_フリーフロートスチームトラップ_取扱説明書.pdf
,,,,,,09_ミヤワキ_サイトグラス_T3型_取扱説明書.pdf,docs/06_取扱説明書/03_その他/09_ミヤワキ_サイトグラス_T3型_取扱説明書.pdf
,,,,,,10_ミヤワキ_インラインチャッキ弁_CVC3_CVC3R_取扱説明書.pdf,docs/06_取扱説明書/03_その他/10_ミヤワキ_インラインチャッキ弁_CVC3_CVC3R_取扱説明書.pdf
,,,,,,11_オムロン_ローププル非常停止スイッチ_取扱説明書(Japan).pdf,docs/06_取扱説明書/03_その他/11_オムロン_ローププル非常停止スイッチ_取扱説明書(Japan).pdf
,,,,,,12_オムロン_ローププル非常停止スイッチ_ロープテンションキット取付.pdf,docs/06_取扱説明書/03_その他/12_オムロン_ローププル非常停止スイッチ_ロープテンションキット取付.pdf
,,04_バルクタンク,,,,01_ベーパライザ‗MIN-ED_取扱説明書.pdf,docs/06_取扱説明書/04_バルクタンク/01_ベーパライザ‗MIN-ED_取扱説明書.pdf
,,,,,,02‗ガス検知警報器‗B780_220V_取扱説明書.pdf,docs/06_取扱説明書/04_バルクタンク/02‗ガス検知警報器‗B780_220V_取扱説明書.pdf
,,,,,,03‗業務用ガス検知警報器用検知部KD-5G・5T_取付説明書.pdf,docs/06_取扱説明書/04_バルクタンク/03‗業務用ガス検知警報器用検知部KD-5G・5T_取付説明書.pdf
,,05_ボイラ,,,,01_三浦工業_ボイラ_AIF1-102_3100-100-961Q(AI&SI高圧)_取扱説明書.pdf,docs/06_取扱説明書/05_ボイラ/01_三浦工業_ボイラ_AIF1-102_3100-100-961Q(AI&SI高圧)_取扱説明書.pdf
,,,,,,02_三浦工業_高圧蒸気ボイラ_AI-500_据付要領書.pdf,docs/06_取扱説明書/05_ボイラ/02_三浦工業_高圧蒸気ボイラ_AI-500_据付要領書.pdf
,,,,,,03_三浦工業_軟水装置_MS-22F_取扱説明書.pdf,docs/06_取扱説明書/05_ボイラ/03_三浦工業_軟水装置_MS-22F_取扱説明書.pdf
,,,,,,04_三浦工業_軟水装置_MS-22F_据付要領書.pdf,docs/06_取扱説明書/05_ボイラ/04_三浦工業_軟水装置_MS-22F_据付要領書.pdf
,,,,,,05_三浦工業_水質監視装置_高度もれ警報装置_CMU-324H_取扱説明書.pdf,docs/06_取扱説明書/05_ボイラ/05_三浦工業_水質監視装置_高度もれ警報装置_CMU-324H_取扱説明書.pdf
,07_CAD図面,01‗設備図面_CAD,01_配置図,,,01_配置図.jww,docs/07_CAD図面/01‗設備図面_CAD/01_配置図/01_配置図.jww
,,,,,,02_有機性脱水汚泥燃料施設_第1期簡略フローシート.jww,docs/07_CAD図面/01‗設備図面_CAD/01_配置図/02_有機性脱水汚泥燃料施設_第1期簡略フローシート.jww
,,,,,,03_脱水機フロー.jww,docs/07_CAD図面/01‗設備図面_CAD/01_配置図/03_脱水機フロー.jww
,,,02_配管図,,,10_配管図_復水配管_PC.jww,docs/07_CAD図面/01‗設備図面_CAD/02_配管図/10_配管図_復水配管_PC.jww
,,,,,,11_配管図_スチームドレン配管_PC.jww,docs/07_CAD図面/01‗設備図面_CAD/02_配管図/11_配管図_スチームドレン配管_PC.jww
,,,,,,12_配管図_市水配管_PC.jww,docs/07_CAD図面/01‗設備図面_CAD/02_配管図/12_配管図_市水配管_PC.jww
,,,,,,13_配管図_ボイラースチーム配管_PC.jww,docs/07_CAD図面/01‗設備図面_CAD/02_配管図/13_配管図_ボイラースチーム配管_PC.jww
,,,,,,14_配管図_カチオン添加配管_PC.jww,docs/07_CAD図面/01‗設備図面_CAD/02_配管図/14_配管図_カチオン添加配管_PC.jww
,,,,,,15_配管図_集水桝移送配管_PC.jww,docs/07_CAD図面/01‗設備図面_CAD/02_配管図/15_配管図_集水桝移送配管_PC.jww
,,,,,,16_配管図_再生油添加配管_PC.jww,docs/07_CAD図面/01‗設備図面_CAD/02_配管図/16_配管図_再生油添加配管_PC.jww
,,,,,,17_配管図_空送配管_PC.jww,docs/07_CAD図面/01‗設備図面_CAD/02_配管図/17_配管図_空送配管_PC.jww
,,,,,,18_配管図_配管配置断面.jww,docs/07_CAD図面/01‗設備図面_CAD/02_配管図/18_配管図_配管配置断面.jww
,,,,,,1_配管図_脱臭配管_PC.jww,docs/07_CAD図面/01‗設備図面_CAD/02_配管図/1_配管図_脱臭配管_PC.jww
,,,,,,2_配管図_洗浄汚泥移送配管_PC.jww,docs/07_CAD図面/01‗設備図面_CAD/02_配管図/2_配管図_洗浄汚泥移送配管_PC.jww
,,,,,,3_配管図_洗浄水移送配管_PC.jww,docs/07_CAD図面/01‗設備図面_CAD/02_配管図/3_配管図_洗浄水移送配管_PC.jww
,,,,,,4_配管図_工水配管_PC.jww,docs/07_CAD図面/01‗設備図面_CAD/02_配管図/4_配管図_工水配管_PC.jww
,,,,,,5_配管図_スクリーンろ液移送配管_PC.jww,docs/07_CAD図面/01‗設備図面_CAD/02_配管図/5_配管図_スクリーンろ液移送配管_PC.jww
,,,,,,6_配管図_冷却水移送配管_PC.jww,docs/07_CAD図面/01‗設備図面_CAD/02_配管図/6_配管図_冷却水移送配管_PC.jww
,,,,,,7_配管図_冷却水返送配管_PC.jww,docs/07_CAD図面/01‗設備図面_CAD/02_配管図/7_配管図_冷却水返送配管_PC.jww
,,,,,,8_配管図_脱水ろ液移送配管_PC.jww,docs/07_CAD図面/01‗設備図面_CAD/02_配管図/8_配管図_脱水ろ液移送配管_PC.jww
,,,,,,9_配管図_ろ布洗浄水移送配管_PC.jww,docs/07_CAD図面/01‗設備図面_CAD/02_配管図/9_配管図_ろ布洗浄水移送配管_PC.jww
,,,03_脱水機図面,01_組立図,,AT-550908_脱水機_部品図_臭気対策カバー.dwg,docs/07_CAD図面/01‗設備図面_CAD/03_脱水機図面/01_組立図/AT-550908_脱水機_部品図_臭気対策カバー.dwg
,,,,,,AT-550908_脱水機_部品図_臭気対策カバー.dxf,docs/07_CAD図面/01‗設備図面_CAD/03_脱水機図面/01_組立図/AT-550908_脱水機_部品図_臭気対策カバー.dxf
,,,,,,AT-550908_脱水機_部品図_臭気対策カバー.jww,docs/07_CAD図面/01‗設備図面_CAD/03_脱水機図面/01_組立図/AT-550908_脱水機_部品図_臭気対策カバー.jww
,,,,,,AT221121-04_脱水機_組立図.dwg,docs/07_CAD図面/01‗設備図面_CAD/03_脱水機図面/01_組立図/AT221121-04_脱水機_組立図.dwg
,,,,,,AT221121-04_脱水機_組立図.dxf,docs/07_CAD図面/01‗設備図面_CAD/03_脱水機図面/01_組立図/AT221121-04_脱水機_組立図.dxf
,,,,,,AT221121-04_脱水機_組立図.jww,docs/07_CAD図面/01‗設備図面_CAD/03_脱水機図面/01_組立図/AT221121-04_脱水機_組立図.jww
,,,,,,脱水機架台、センサアタッチメント_組立図.dwg,docs/07_CAD図面/01‗設備図面_CAD/03_脱水機図面/01_組立図/脱水機架台、センサアタッチメント_組立図.dwg
,,,,,,脱水機架台、センサアタッチメント_組立図.dxf,docs/07_CAD図面/01‗設備図面_CAD/03_脱水機図面/01_組立図/脱水機架台、センサアタッチメント_組立図.dxf
,,,,,,脱水機架台、センサアタッチメント_組立図.jww,docs/07_CAD図面/01‗設備図面_CAD/03_脱水機図面/01_組立図/脱水機架台、センサアタッチメント_組立図.jww
,,,,02_部品図,01_dwg,AT-221121-04-10_汚泥スカート.dwg,docs/07_CAD図面/01‗設備図面_CAD/03_脱水機図面/02_部品図/01_dwg/AT-221121-04-10_汚泥スカート.dwg
,,,,,,AT-221121-04-11_補強パイプ、汚泥スカート受台.dwg,docs/07_CAD図面/01‗設備図面_CAD/03_脱水機図面/02_部品図/01_dwg/AT-221121-04-11_補強パイプ、汚泥スカート受台.dwg
,,,,,,AT-221121-04-12_水切り板、ライナー.dwg,docs/07_CAD図面/01‗設備図面_CAD/03_脱水機図面/02_部品図/01_dwg/AT-221121-04-12_水切り板、ライナー.dwg
,,,,,,AT-221121-04-13_ずれ止め、ばね秤ブラケット、当て板.dwg,docs/07_CAD図面/01‗設備図面_CAD/03_脱水機図面/02_部品図/01_dwg/AT-221121-04-13_ずれ止め、ばね秤ブラケット、当て板.dwg
,,,,,,AT-221121-04-14_汚泥受け、回転アーム、汚泥排出パイプ1.dwg,docs/07_CAD図面/01‗設備図面_CAD/03_脱水機図面/02_部品図/01_dwg/AT-221121-04-14_汚泥受け、回転アーム、汚泥排出パイプ1.dwg
,,,,,,AT-221121-04-15_アングルフレーム、ピロー取付板.dwg,docs/07_CAD図面/01‗設備図面_CAD/03_脱水機図面/02_部品図/01_dwg/AT-221121-04-15_アングルフレーム、ピロー取付板.dwg
,,,,,,AT-221121-04-16A_駆動プレート、従動プレート、テンションプレート.dwg,docs/07_CAD図面/01‗設備図面_CAD/03_脱水機図面/02_部品図/01_dwg/AT-221121-04-16A_駆動プレート、従動プレート、テンションプレート.dwg
,,,,,,AT-221121-04-17A_スペーサ、スクレーパシャフト2、駆動シャフト、従動シャフト、テンション軸1.dwg,docs/07_CAD図面/01‗設備図面_CAD/03_脱水機図面/02_部品図/01_dwg/AT-221121-04-17A_スペーサ、スクレーパシャフト2、駆動シャフト、従動シャフト、テンション軸1.dwg
,,,,,,AT-221121-04-18_ベルトCVフレーム、ベルトライナー.dwg,docs/07_CAD図面/01‗設備図面_CAD/03_脱水機図面/02_部品図/01_dwg/AT-221121-04-18_ベルトCVフレーム、ベルトライナー.dwg
,,,,,,AT-221121-04-19A_スナップ軸1、スクリューパーシャフト3_250415.dwg,docs/07_CAD図面/01‗設備図面_CAD/03_脱水機図面/02_部品図/01_dwg/AT-221121-04-19A_スナップ軸1、スクリューパーシャフト3_250415.dwg
,,,,,,AT-221121-04-1_フレーム.dwg,docs/07_CAD図面/01‗設備図面_CAD/03_脱水機図面/02_部品図/01_dwg/AT-221121-04-1_フレーム.dwg
,,,,,,AT-221121-04-20A_ろ布ズレ止め、スクレーパ.dwg,docs/07_CAD図面/01‗設備図面_CAD/03_脱水機図面/02_部品図/01_dwg/AT-221121-04-20A_ろ布ズレ止め、スクレーパ.dwg
,,,,,,AT-221121-04-21A_スクレーパ、スクレーパシャフト.dwg,docs/07_CAD図面/01‗設備図面_CAD/03_脱水機図面/02_部品図/01_dwg/AT-221121-04-21A_スクレーパ、スクレーパシャフト.dwg
,,,,,,AT-221121-04-22A_洗浄ケース、洗浄ノズル.dwg,docs/07_CAD図面/01‗設備図面_CAD/03_脱水機図面/02_部品図/01_dwg/AT-221121-04-22A_洗浄ケース、洗浄ノズル.dwg
,,,,,,AT-221121-04-23_洗浄水受けパン.dwg,docs/07_CAD図面/01‗設備図面_CAD/03_脱水機図面/02_部品図/01_dwg/AT-221121-04-23_洗浄水受けパン.dwg
,,,,,,AT-221121-04-24_押え板.dwg,docs/07_CAD図面/01‗設備図面_CAD/03_脱水機図面/02_部品図/01_dwg/AT-221121-04-24_押え板.dwg
,,,,,,AT-221121-04-25 スクレーパゴム板、水切りゴム板.dwg,docs/07_CAD図面/01‗設備図面_CAD/03_脱水機図面/02_部品図/01_dwg/AT-221121-04-25 スクレーパゴム板、水切りゴム板.dwg
,,,,,,AT-221121-04-26_汚泥配管ステー.dwg,docs/07_CAD図面/01‗設備図面_CAD/03_脱水機図面/02_部品図/01_dwg/AT-221121-04-26_汚泥配管ステー.dwg
,,,,,,AT-221121-04-27_汚泥配管ステー.dwg,docs/07_CAD図面/01‗設備図面_CAD/03_脱水機図面/02_部品図/01_dwg/AT-221121-04-27_汚泥配管ステー.dwg
,,,,,,AT-221121-04-28_水切りステー、フランジ、汚泥排出パイプ.dwg,docs/07_CAD図面/01‗設備図面_CAD/03_脱水機図面/02_部品図/01_dwg/AT-221121-04-28_水切りステー、フランジ、汚泥排出パイプ.dwg
,,,,,,AT-221121-04-29A_水切りウェイト、押え板.dwg,docs/07_CAD図面/01‗設備図面_CAD/03_脱水機図面/02_部品図/01_dwg/AT-221121-04-29A_水切りウェイト、押え板.dwg
,,,,,,AT-221121-04-2A_排水受けパン1.dwg,docs/07_CAD図面/01‗設備図面_CAD/03_脱水機図面/02_部品図/01_dwg/AT-221121-04-2A_排水受けパン1.dwg
,,,,,,AT-221121-04-30_回り止め金具.dwg,docs/07_CAD図面/01‗設備図面_CAD/03_脱水機図面/02_部品図/01_dwg/AT-221121-04-30_回り止め金具.dwg
,,,,,,AT-221121-04-31A_駆動ローラー、スナップ軸.dwg,docs/07_CAD図面/01‗設備図面_CAD/03_脱水機図面/02_部品図/01_dwg/AT-221121-04-31A_駆動ローラー、スナップ軸.dwg
,,,,,,AT-221121-04-32A_テンション軸、テンション軸受け台.dwg,docs/07_CAD図面/01‗設備図面_CAD/03_脱水機図面/02_部品図/01_dwg/AT-221121-04-32A_テンション軸、テンション軸受け台.dwg
,,,,,,AT-221121-04-33_ピローステー.dwg,docs/07_CAD図面/01‗設備図面_CAD/03_脱水機図面/02_部品図/01_dwg/AT-221121-04-33_ピローステー.dwg
,,,,,,AT-221121-04-34A_反応槽250416.dwg,docs/07_CAD図面/01‗設備図面_CAD/03_脱水機図面/02_部品図/01_dwg/AT-221121-04-34A_反応槽250416.dwg
,,,,,,AT-221121-04-35_モーター台、オイルシール取付板、オイルシール押え板、モーター取付板.dwg,docs/07_CAD図面/01‗設備図面_CAD/03_脱水機図面/02_部品図/01_dwg/AT-221121-04-35_モーター台、オイルシール取付板、オイルシール押え板、モーター取付板.dwg
,,,,,,AT-221121-04-36A_攪拌羽根250416.dwg,docs/07_CAD図面/01‗設備図面_CAD/03_脱水機図面/02_部品図/01_dwg/AT-221121-04-36A_攪拌羽根250416.dwg
,,,,,,AT-221121-04-3_排水受けパン2.dwg,docs/07_CAD図面/01‗設備図面_CAD/03_脱水機図面/02_部品図/01_dwg/AT-221121-04-3_排水受けパン2.dwg
,,,,,,AT-221121-04-4A_水切りローラーフレーム・.dwg,docs/07_CAD図面/01‗設備図面_CAD/03_脱水機図面/02_部品図/01_dwg/AT-221121-04-4A_水切りローラーフレーム・.dwg
,,,,,,AT-221121-04-5_ウェイト1、水切りローラー.dwg,docs/07_CAD図面/01‗設備図面_CAD/03_脱水機図面/02_部品図/01_dwg/AT-221121-04-5_ウェイト1、水切りローラー.dwg
,,,,,,AT-221121-04-6A_脱水ローラー.dwg,docs/07_CAD図面/01‗設備図面_CAD/03_脱水機図面/02_部品図/01_dwg/AT-221121-04-6A_脱水ローラー.dwg
,,,,,,AT-221121-04-7A_ピロースタンド.dwg,docs/07_CAD図面/01‗設備図面_CAD/03_脱水機図面/02_部品図/01_dwg/AT-221121-04-7A_ピロースタンド.dwg
,,,,,,AT-221121-04-8A_スクレーパ、スクレーパシャフト.dwg,docs/07_CAD図面/01‗設備図面_CAD/03_脱水機図面/02_部品図/01_dwg/AT-221121-04-8A_スクレーパ、スクレーパシャフト.dwg
,,,,,,AT-221121-04-9A_アーム、ウェイト2、ボス.dwg,docs/07_CAD図面/01‗設備図面_CAD/03_脱水機図面/02_部品図/01_dwg/AT-221121-04-9A_アーム、ウェイト2、ボス.dwg
,,,,,02_dxf,AT-221121-04-10_汚泥スカート.dxf,docs/07_CAD図面/01‗設備図面_CAD/03_脱水機図面/02_部品図/02_dxf/AT-221121-04-10_汚泥スカート.dxf
,,,,,,AT-221121-04-11 _補強パイプ、汚泥スカート受台.dxf,docs/07_CAD図面/01‗設備図面_CAD/03_脱水機図面/02_部品図/02_dxf/AT-221121-04-11 _補強パイプ、汚泥スカート受台.dxf
,,,,,,AT-221121-04-12_水切り板、ライナー.dxf,docs/07_CAD図面/01‗設備図面_CAD/03_脱水機図面/02_部品図/02_dxf/AT-221121-04-12_水切り板、ライナー.dxf
,,,,,,AT-221121-04-13 _ずれ止め、ばね秤ブラケット、当て板.dxf,docs/07_CAD図面/01‗設備図面_CAD/03_脱水機図面/02_部品図/02_dxf/AT-221121-04-13 _ずれ止め、ばね秤ブラケット、当て板.dxf
,,,,,,AT-221121-04-14_汚泥受け、回転アーム、汚泥排出パイプ1.dxf,docs/07_CAD図面/01‗設備図面_CAD/03_脱水機図面/02_部品図/02_dxf/AT-221121-04-14_汚泥受け、回転アーム、汚泥排出パイプ1.dxf
,,,,,,AT-221121-04-15 _アングルフレーム、ピロー取付板.dxf,docs/07_CAD図面/01‗設備図面_CAD/03_脱水機図面/02_部品図/02_dxf/AT-221121-04-15 _アングルフレーム、ピロー取付板.dxf
,,,,,,AT-221121-04-16A_駆動プレート、従動プレート、テンションプレート.dxf,docs/07_CAD図面/01‗設備図面_CAD/03_脱水機図面/02_部品図/02_dxf/AT-221121-04-16A_駆動プレート、従動プレート、テンションプレート.dxf
,,,,,,AT-221121-04-17A_スペーサ、スクレーパシャフト2、駆動シャフト、従動シャフト、テンション軸1.dxf,docs/07_CAD図面/01‗設備図面_CAD/03_脱水機図面/02_部品図/02_dxf/AT-221121-04-17A_スペーサ、スクレーパシャフト2、駆動シャフト、従動シャフト、テンション軸1.dxf
,,,,,,AT-221121-04-18_ベルトCVフレーム、ベルトライナー.dxf,docs/07_CAD図面/01‗設備図面_CAD/03_脱水機図面/02_部品図/02_dxf/AT-221121-04-18_ベルトCVフレーム、ベルトライナー.dxf
,,,,,,AT-221121-04-19A_スナップ軸1、スクリューパーシャフト3_250415.dxf,docs/07_CAD図面/01‗設備図面_CAD/03_脱水機図面/02_部品図/02_dxf/AT-221121-04-19A_スナップ軸1、スクリューパーシャフト3_250415.dxf
,,,,,,AT-221121-04-1_フレーム.dxf,docs/07_CAD図面/01‗設備図面_CAD/03_脱水機図面/02_部品図/02_dxf/AT-221121-04-1_フレーム.dxf
,,,,,,AT-221121-04-20A_ろ布ズレ止め、スクレーパ.dxf,docs/07_CAD図面/01‗設備図面_CAD/03_脱水機図面/02_部品図/02_dxf/AT-221121-04-20A_ろ布ズレ止め、スクレーパ.dxf
,,,,,,AT-221121-04-21A_スクレーパ、スクレーパシャフト.dxf,docs/07_CAD図面/01‗設備図面_CAD/03_脱水機図面/02_部品図/02_dxf/AT-221121-04-21A_スクレーパ、スクレーパシャフト.dxf
,,,,,,AT-221121-04-22A_洗浄ケース、洗浄ノズル.dxf,docs/07_CAD図面/01‗設備図面_CAD/03_脱水機図面/02_部品図/02_dxf/AT-221121-04-22A_洗浄ケース、洗浄ノズル.dxf
,,,,,,AT-221121-04-23_洗浄水受けパン.dxf,docs/07_CAD図面/01‗設備図面_CAD/03_脱水機図面/02_部品図/02_dxf/AT-221121-04-23_洗浄水受けパン.dxf
,,,,,,AT-221121-04-24_押え板.dxf,docs/07_CAD図面/01‗設備図面_CAD/03_脱水機図面/02_部品図/02_dxf/AT-221121-04-24_押え板.dxf
,,,,,,AT-221121-04-25 スクレーパゴム板、水切りゴム板.dxf,docs/07_CAD図面/01‗設備図面_CAD/03_脱水機図面/02_部品図/02_dxf/AT-221121-04-25 スクレーパゴム板、水切りゴム板.dxf
,,,,,,AT-221121-04-26_汚泥配管ステー.dxf,docs/07_CAD図面/01‗設備図面_CAD/03_脱水機図面/02_部品図/02_dxf/AT-221121-04-26_汚泥配管ステー.dxf
,,,,,,AT-221121-04-27_汚泥配管ステー.dxf,docs/07_CAD図面/01‗設備図面_CAD/03_脱水機図面/02_部品図/02_dxf/AT-221121-04-27_汚泥配管ステー.dxf
,,,,,,AT-221121-04-28_水切りステー、フランジ、汚泥排出パイプ.dxf,docs/07_CAD図面/01‗設備図面_CAD/03_脱水機図面/02_部品図/02_dxf/AT-221121-04-28_水切りステー、フランジ、汚泥排出パイプ.dxf
,,,,,,AT-221121-04-29A_水切りウェイト、押え板.dxf,docs/07_CAD図面/01‗設備図面_CAD/03_脱水機図面/02_部品図/02_dxf/AT-221121-04-29A_水切りウェイト、押え板.dxf
,,,,,,AT-221121-04-2A_排水受けパン1.dxf,docs/07_CAD図面/01‗設備図面_CAD/03_脱水機図面/02_部品図/02_dxf/AT-221121-04-2A_排水受けパン1.dxf
,,,,,,AT-221121-04-3 _排水受けパン2.dxf,docs/07_CAD図面/01‗設備図面_CAD/03_脱水機図面/02_部品図/02_dxf/AT-221121-04-3 _排水受けパン2.dxf
,,,,,,AT-221121-04-30_回り止め金具.dxf,docs/07_CAD図面/01‗設備図面_CAD/03_脱水機図面/02_部品図/02_dxf/AT-221121-04-30_回り止め金具.dxf
,,,,,,AT-221121-04-31A_駆動ローラー、スナップ軸.dxf,docs/07_CAD図面/01‗設備図面_CAD/03_脱水機図面/02_部品図/02_dxf/AT-221121-04-31A_駆動ローラー、スナップ軸.dxf
,,,,,,AT-221121-04-32A_テンション軸、テンション軸受け台.dxf,docs/07_CAD図面/01‗設備図面_CAD/03_脱水機図面/02_部品図/02_dxf/AT-221121-04-32A_テンション軸、テンション軸受け台.dxf
,,,,,,AT-221121-04-33_ピローステー.dxf,docs/07_CAD図面/01‗設備図面_CAD/03_脱水機図面/02_部品図/02_dxf/AT-221121-04-33_ピローステー.dxf
,,,,,,AT-221121-04-34A_反応槽250416.dxf,docs/07_CAD図面/01‗設備図面_CAD/03_脱水機図面/02_部品図/02_dxf/AT-221121-04-34A_反応槽250416.dxf
,,,,,,AT-221121-04-35_モーター台、オイルシール取付板、オイルシール押え板、モーター取付板.dxf,docs/07_CAD図面/01‗設備図面_CAD/03_脱水機図面/02_部品図/02_dxf/AT-221121-04-35_モーター台、オイルシール取付板、オイルシール押え板、モーター取付板.dxf
,,,,,,AT-221121-04-36A_攪拌羽根250416.dxf,docs/07_CAD図面/01‗設備図面_CAD/03_脱水機図面/02_部品図/02_dxf/AT-221121-04-36A_攪拌羽根250416.dxf
,,,,,,AT-221121-04-4A_水切りローラーフレーム・.dxf,docs/07_CAD図面/01‗設備図面_CAD/03_脱水機図面/02_部品図/02_dxf/AT-221121-04-4A_水切りローラーフレーム・.dxf
,,,,,,AT-221121-04-5 _ウェイト1、水切りローラー.dxf,docs/07_CAD図面/01‗設備図面_CAD/03_脱水機図面/02_部品図/02_dxf/AT-221121-04-5 _ウェイト1、水切りローラー.dxf
,,,,,,AT-221121-04-6A_脱水ローラー.dxf,docs/07_CAD図面/01‗設備図面_CAD/03_脱水機図面/02_部品図/02_dxf/AT-221121-04-6A_脱水ローラー.dxf
,,,,,,AT-221121-04-7A_ピロースタンド.dxf,docs/07_CAD図面/01‗設備図面_CAD/03_脱水機図面/02_部品図/02_dxf/AT-221121-04-7A_ピロースタンド.dxf
,,,,,,AT-221121-04-8A_スクレーパ、スクレーパシャフト.dxf,docs/07_CAD図面/01‗設備図面_CAD/03_脱水機図面/02_部品図/02_dxf/AT-221121-04-8A_スクレーパ、スクレーパシャフト.dxf
,,,,,,AT-221121-04-9A_アーム、ウェイト2、ボス.dxf,docs/07_CAD図面/01‗設備図面_CAD/03_脱水機図面/02_部品図/02_dxf/AT-221121-04-9A_アーム、ウェイト2、ボス.dxf
,,,,,03_jww,AT-221121-04-10_汚泥スカート.jww,docs/07_CAD図面/01‗設備図面_CAD/03_脱水機図面/02_部品図/03_jww/AT-221121-04-10_汚泥スカート.jww
,,,,,,AT-221121-04-11 _補強パイプ、汚泥スカート受台.jww,docs/07_CAD図面/01‗設備図面_CAD/03_脱水機図面/02_部品図/03_jww/AT-221121-04-11 _補強パイプ、汚泥スカート受台.jww
,,,,,,AT-221121-04-12_水切り板、ライナー.jww,docs/07_CAD図面/01‗設備図面_CAD/03_脱水機図面/02_部品図/03_jww/AT-221121-04-12_水切り板、ライナー.jww
,,,,,,AT-221121-04-13 _ずれ止め、ばね秤ブラケット、当て板.jww,docs/07_CAD図面/01‗設備図面_CAD/03_脱水機図面/02_部品図/03_jww/AT-221121-04-13 _ずれ止め、ばね秤ブラケット、当て板.jww
,,,,,,AT-221121-04-14_汚泥受け、回転アーム、汚泥排出パイプ1.jww,docs/07_CAD図面/01‗設備図面_CAD/03_脱水機図面/02_部品図/03_jww/AT-221121-04-14_汚泥受け、回転アーム、汚泥排出パイプ1.jww
,,,,,,AT-221121-04-15 _アングルフレーム、ピロー取付板.jww,docs/07_CAD図面/01‗設備図面_CAD/03_脱水機図面/02_部品図/03_jww/AT-221121-04-15 _アングルフレーム、ピロー取付板.jww
,,,,,,AT-221121-04-16A_駆動プレート、従動プレート、テンションプレート.jww,docs/07_CAD図面/01‗設備図面_CAD/03_脱水機図面/02_部品図/03_jww/AT-221121-04-16A_駆動プレート、従動プレート、テンションプレート.jww
,,,,,,AT-221121-04-17A_スペーサ、スクレーパシャフト2、駆動シャフト、従動シャフト、テンション軸1.jww,docs/07_CAD図面/01‗設備図面_CAD/03_脱水機図面/02_部品図/03_jww/AT-221121-04-17A_スペーサ、スクレーパシャフト2、駆動シャフト、従動シャフト、テンション軸1.jww
,,,,,,AT-221121-04-18_ベルトCVフレーム、ベルトライナー.jww,docs/07_CAD図面/01‗設備図面_CAD/03_脱水機図面/02_部品図/03_jww/AT-221121-04-18_ベルトCVフレーム、ベルトライナー.jww
,,,,,,AT-221121-04-19A_スナップ軸1、スクリューパーシャフト3_250415.jww,docs/07_CAD図面/01‗設備図面_CAD/03_脱水機図面/02_部品図/03_jww/AT-221121-04-19A_スナップ軸1、スクリューパーシャフト3_250415.jww
,,,,,,AT-221121-04-1_フレーム.jww,docs/07_CAD図面/01‗設備図面_CAD/03_脱水機図面/02_部品図/03_jww/AT-221121-04-1_フレーム.jww
,,,,,,AT-221121-04-20A_ろ布ズレ止め、スクレーパ.jww,docs/07_CAD図面/01‗設備図面_CAD/03_脱水機図面/02_部品図/03_jww/AT-221121-04-20A_ろ布ズレ止め、スクレーパ.jww
,,,,,,AT-221121-04-21A_スクレーパ、スクレーパシャフト.jww,docs/07_CAD図面/01‗設備図面_CAD/03_脱水機図面/02_部品図/03_jww/AT-221121-04-21A_スクレーパ、スクレーパシャフト.jww
,,,,,,AT-221121-04-22A_洗浄ケース、洗浄ノズル.jww,docs/07_CAD図面/01‗設備図面_CAD/03_脱水機図面/02_部品図/03_jww/AT-221121-04-22A_洗浄ケース、洗浄ノズル.jww
,,,,,,AT-221121-04-23_洗浄水受けパン.jww,docs/07_CAD図面/01‗設備図面_CAD/03_脱水機図面/02_部品図/03_jww/AT-221121-04-23_洗浄水受けパン.jww
,,,,,,AT-221121-04-24_押え板.jww,docs/07_CAD図面/01‗設備図面_CAD/03_脱水機図面/02_部品図/03_jww/AT-221121-04-24_押え板.jww
,,,,,,AT-221121-04-25 スクレーパゴム板、水切りゴム板.jww,docs/07_CAD図面/01‗設備図面_CAD/03_脱水機図面/02_部品図/03_jww/AT-221121-04-25 スクレーパゴム板、水切りゴム板.jww
,,,,,,AT-221121-04-26_汚泥配管ステー.jww,docs/07_CAD図面/01‗設備図面_CAD/03_脱水機図面/02_部品図/03_jww/AT-221121-04-26_汚泥配管ステー.jww
,,,,,,AT-221121-04-27_汚泥配管ステー.jww,docs/07_CAD図面/01‗設備図面_CAD/03_脱水機図面/02_部品図/03_jww/AT-221121-04-27_汚泥配管ステー.jww
,,,,,,AT-221121-04-28_水切りステー、フランジ、汚泥排出パイプ.jww,docs/07_CAD図面/01‗設備図面_CAD/03_脱水機図面/02_部品図/03_jww/AT-221121-04-28_水切りステー、フランジ、汚泥排出パイプ.jww
,,,,,,AT-221121-04-29A_水切りウェイト、押え板.jww,docs/07_CAD図面/01‗設備図面_CAD/03_脱水機図面/02_部品図/03_jww/AT-221121-04-29A_水切りウェイト、押え板.jww
,,,,,,AT-221121-04-2A_排水受けパン1.jww,docs/07_CAD図面/01‗設備図面_CAD/03_脱水機図面/02_部品図/03_jww/AT-221121-04-2A_排水受けパン1.jww
,,,,,,AT-221121-04-3 _排水受けパン2.jww,docs/07_CAD図面/01‗設備図面_CAD/03_脱水機図面/02_部品図/03_jww/AT-221121-04-3 _排水受けパン2.jww
,,,,,,AT-221121-04-30_回り止め金具.jww,docs/07_CAD図面/01‗設備図面_CAD/03_脱水機図面/02_部品図/03_jww/AT-221121-04-30_回り止め金具.jww
,,,,,,AT-221121-04-31A_駆動ローラー、スナップ軸.jww,docs/07_CAD図面/01‗設備図面_CAD/03_脱水機図面/02_部品図/03_jww/AT-221121-04-31A_駆動ローラー、スナップ軸.jww
,,,,,,AT-221121-04-32A_テンション軸、テンション軸受け台.jww,docs/07_CAD図面/01‗設備図面_CAD/03_脱水機図面/02_部品図/03_jww/AT-221121-04-32A_テンション軸、テンション軸受け台.jww
,,,,,,AT-221121-04-33_ピローステー.jww,docs/07_CAD図面/01‗設備図面_CAD/03_脱水機図面/02_部品図/03_jww/AT-221121-04-33_ピローステー.jww
,,,,,,AT-221121-04-34A_反応槽250416.jww,docs/07_CAD図面/01‗設備図面_CAD/03_脱水機図面/02_部品図/03_jww/AT-221121-04-34A_反応槽250416.jww
,,,,,,AT-221121-04-35_モーター台、オイルシール取付板、オイルシール押え板、モーター取付板.jww,docs/07_CAD図面/01‗設備図面_CAD/03_脱水機図面/02_部品図/03_jww/AT-221121-04-35_モーター台、オイルシール取付板、オイルシール押え板、モーター取付板.jww
,,,,,,AT-221121-04-36A_攪拌羽根250416.jww,docs/07_CAD図面/01‗設備図面_CAD/03_脱水機図面/02_部品図/03_jww/AT-221121-04-36A_攪拌羽根250416.jww
,,,,,,AT-221121-04-4A_水切りローラーフレーム・.jww,docs/07_CAD図面/01‗設備図面_CAD/03_脱水機図面/02_部品図/03_jww/AT-221121-04-4A_水切りローラーフレーム・.jww
,,,,,,AT-221121-04-5 _ウェイト1、水切りローラー.jww,docs/07_CAD図面/01‗設備図面_CAD/03_脱水機図面/02_部品図/03_jww/AT-221121-04-5 _ウェイト1、水切りローラー.jww
,,,,,,AT-221121-04-6A_脱水ローラー.jww,docs/07_CAD図面/01‗設備図面_CAD/03_脱水機図面/02_部品図/03_jww/AT-221121-04-6A_脱水ローラー.jww
,,,,,,AT-221121-04-7A_ピロースタンド.jww,docs/07_CAD図面/01‗設備図面_CAD/03_脱水機図面/02_部品図/03_jww/AT-221121-04-7A_ピロースタンド.jww
,,,,,,AT-221121-04-8A_スクレーパ、スクレーパシャフト.jww,docs/07_CAD図面/01‗設備図面_CAD/03_脱水機図面/02_部品図/03_jww/AT-221121-04-8A_スクレーパ、スクレーパシャフト.jww
,,,,,,AT-221121-04-9A_アーム、ウェイト2、ボス.jww,docs/07_CAD図面/01‗設備図面_CAD/03_脱水機図面/02_部品図/03_jww/AT-221121-04-9A_アーム、ウェイト2、ボス.jww
,,,04_混練機図面,01_組立図,,AT221121-09_混練機_組立図.dwg,docs/07_CAD図面/01‗設備図面_CAD/04_混練機図面/01_組立図/AT221121-09_混練機_組立図.dwg
,,,,,,AT221121-09_混練機_組立図.dxf,docs/07_CAD図面/01‗設備図面_CAD/04_混練機図面/01_組立図/AT221121-09_混練機_組立図.dxf
,,,,,,AT221121-09_混練機_組立図.jww,docs/07_CAD図面/01‗設備図面_CAD/04_混練機図面/01_組立図/AT221121-09_混練機_組立図.jww
,,,,02_部品図,01_dwg,AT-221121-09-1_フレーム.dwg,docs/07_CAD図面/01‗設備図面_CAD/04_混練機図面/02_部品図/01_dwg/AT-221121-09-1_フレーム.dwg
,,,,,,AT-221121-09-2A_ホッパー.dwg,docs/07_CAD図面/01‗設備図面_CAD/04_混練機図面/02_部品図/01_dwg/AT-221121-09-2A_ホッパー.dwg
,,,,,,AT-221121-09-3A_ケーシング1.dwg,docs/07_CAD図面/01‗設備図面_CAD/04_混練機図面/02_部品図/01_dwg/AT-221121-09-3A_ケーシング1.dwg
,,,,,,AT-221121-09-4A_スクリュー軸、オイルシール、ピローフランジ他.dwg,docs/07_CAD図面/01‗設備図面_CAD/04_混練機図面/02_部品図/01_dwg/AT-221121-09-4A_スクリュー軸、オイルシール、ピローフランジ他.dwg
,,,,,,AT-221121-09-5A_ブリッジ防止バー、オイルシールフランジ他.dwg,docs/07_CAD図面/01‗設備図面_CAD/04_混練機図面/02_部品図/01_dwg/AT-221121-09-5A_ブリッジ防止バー、オイルシールフランジ他.dwg
,,,,,,AT-221121-09-6A_ジュラコンスペーサ、パッキン.dwg,docs/07_CAD図面/01‗設備図面_CAD/04_混練機図面/02_部品図/01_dwg/AT-221121-09-6A_ジュラコンスペーサ、パッキン.dwg
,,,,,,AT-221121-09-7A_ケーシング2.dwg,docs/07_CAD図面/01‗設備図面_CAD/04_混練機図面/02_部品図/01_dwg/AT-221121-09-7A_ケーシング2.dwg
,,,,,,AT-221121-09-8A_六角軸.dwg,docs/07_CAD図面/01‗設備図面_CAD/04_混練機図面/02_部品図/01_dwg/AT-221121-09-8A_六角軸.dwg
,,,,,,AT-221121-09-9A_練り板、カラー、エンド板.dwg,docs/07_CAD図面/01‗設備図面_CAD/04_混練機図面/02_部品図/01_dwg/AT-221121-09-9A_練り板、カラー、エンド板.dwg
,,,,,02_dxf,AT-221121-09-1_フレーム.dxf,docs/07_CAD図面/01‗設備図面_CAD/04_混練機図面/02_部品図/02_dxf/AT-221121-09-1_フレーム.dxf
,,,,,,AT-221121-09-2A_ホッパー.dxf,docs/07_CAD図面/01‗設備図面_CAD/04_混練機図面/02_部品図/02_dxf/AT-221121-09-2A_ホッパー.dxf
,,,,,,AT-221121-09-3A_ケーシング1.dxf,docs/07_CAD図面/01‗設備図面_CAD/04_混練機図面/02_部品図/02_dxf/AT-221121-09-3A_ケーシング1.dxf
,,,,,,AT-221121-09-4A_スクリュー軸、オイルシール、ピローフランジ他.dxf,docs/07_CAD図面/01‗設備図面_CAD/04_混練機図面/02_部品図/02_dxf/AT-221121-09-4A_スクリュー軸、オイルシール、ピローフランジ他.dxf
,,,,,,AT-221121-09-5A_ブリッジ防止バー、オイルシールフランジ他.dxf,docs/07_CAD図面/01‗設備図面_CAD/04_混練機図面/02_部品図/02_dxf/AT-221121-09-5A_ブリッジ防止バー、オイルシールフランジ他.dxf
,,,,,,AT-221121-09-6A_ジュラコンスペーサ、パッキン.dxf,docs/07_CAD図面/01‗設備図面_CAD/04_混練機図面/02_部品図/02_dxf/AT-221121-09-6A_ジュラコンスペーサ、パッキン.dxf
,,,,,,AT-221121-09-7A_ケーシング2.dxf,docs/07_CAD図面/01‗設備図面_CAD/04_混練機図面/02_部品図/02_dxf/AT-221121-09-7A_ケーシング2.dxf
,,,,,,AT-221121-09-8A_六角軸.dxf,docs/07_CAD図面/01‗設備図面_CAD/04_混練機図面/02_部品図/02_dxf/AT-221121-09-8A_六角軸.dxf
,,,,,,AT-221121-09-9A_練り板、カラー、エンド板.dxf,docs/07_CAD図面/01‗設備図面_CAD/04_混練機図面/02_部品図/02_dxf/AT-221121-09-9A_練り板、カラー、エンド板.dxf
,,,,,03_jww,AT-221121-09-1_フレーム.jww,docs/07_CAD図面/01‗設備図面_CAD/04_混練機図面/02_部品図/03_jww/AT-221121-09-1_フレーム.jww
,,,,,,AT-221121-09-2A_ホッパー.jww,docs/07_CAD図面/01‗設備図面_CAD/04_混練機図面/02_部品図/03_jww/AT-221121-09-2A_ホッパー.jww
,,,,,,AT-221121-09-3A_ケーシング1.jww,docs/07_CAD図面/01‗設備図面_CAD/04_混練機図面/02_部品図/03_jww/AT-221121-09-3A_ケーシング1.jww
,,,,,,AT-221121-09-4A_スクリュー軸、オイルシール、ピローフランジ他.jww,docs/07_CAD図面/01‗設備図面_CAD/04_混練機図面/02_部品図/03_jww/AT-221121-09-4A_スクリュー軸、オイルシール、ピローフランジ他.jww
,,,,,,AT-221121-09-5A_ブリッジ防止バー、オイルシールフランジ他.jww,docs/07_CAD図面/01‗設備図面_CAD/04_混練機図面/02_部品図/03_jww/AT-221121-09-5A_ブリッジ防止バー、オイルシールフランジ他.jww
,,,,,,AT-221121-09-6A_ジュラコンスペーサ、パッキン.jww,docs/07_CAD図面/01‗設備図面_CAD/04_混練機図面/02_部品図/03_jww/AT-221121-09-6A_ジュラコンスペーサ、パッキン.jww
,,,,,,AT-221121-09-7A_ケーシング2.jww,docs/07_CAD図面/01‗設備図面_CAD/04_混練機図面/02_部品図/03_jww/AT-221121-09-7A_ケーシング2.jww
,,,,,,AT-221121-09-8A_六角軸.jww,docs/07_CAD図面/01‗設備図面_CAD/04_混練機図面/02_部品図/03_jww/AT-221121-09-8A_六角軸.jww
,,,,,,AT-221121-09-9A_練り板、カラー、エンド板.jww,docs/07_CAD図面/01‗設備図面_CAD/04_混練機図面/02_部品図/03_jww/AT-221121-09-9A_練り板、カラー、エンド板.jww
,,,05_乾燥機、復水器図面,01_組立図,,AT221121-07_乾燥機・復水器_組立図.dwg,docs/07_CAD図面/01‗設備図面_CAD/05_乾燥機、復水器図面/01_組立図/AT221121-07_乾燥機・復水器_組立図.dwg
,,,,,,AT221121-07_乾燥機・復水器_組立図.dxf,docs/07_CAD図面/01‗設備図面_CAD/05_乾燥機、復水器図面/01_組立図/AT221121-07_乾燥機・復水器_組立図.dxf
,,,,,,AT221121-07_乾燥機・復水器_組立図.jww,docs/07_CAD図面/01‗設備図面_CAD/05_乾燥機、復水器図面/01_組立図/AT221121-07_乾燥機・復水器_組立図.jww
,,,,02_部品図,01_dwg,AT-221121-07-10B_ばね座上、ばね用ボス取付板、ばね用ボス.dwg,docs/07_CAD図面/01‗設備図面_CAD/05_乾燥機、復水器図面/02_部品図/01_dwg/AT-221121-07-10B_ばね座上、ばね用ボス取付板、ばね用ボス.dwg
,,,,,,AT-221121-07-11_圧縮コイルばね.dwg,docs/07_CAD図面/01‗設備図面_CAD/05_乾燥機、復水器図面/02_部品図/01_dwg/AT-221121-07-11_圧縮コイルばね.dwg
,,,,,,AT-221121-07-12B_ばね用ボス取付板、ばね座下.dwg,docs/07_CAD図面/01‗設備図面_CAD/05_乾燥機、復水器図面/02_部品図/01_dwg/AT-221121-07-12B_ばね用ボス取付板、ばね座下.dwg
,,,,,,AT-221121-07-13B_パッキン、熱遮断シート、クッションシート.dwg,docs/07_CAD図面/01‗設備図面_CAD/05_乾燥機、復水器図面/02_部品図/01_dwg/AT-221121-07-13B_パッキン、熱遮断シート、クッションシート.dwg
,,,,,,AT-221121-07-14_上板、下板、シャフト、中側板、背板、外側板.dwg,docs/07_CAD図面/01‗設備図面_CAD/05_乾燥機、復水器図面/02_部品図/01_dwg/AT-221121-07-14_上板、下板、シャフト、中側板、背板、外側板.dwg
,,,,,,AT-221121-07-15A_スクレーパ.dwg,docs/07_CAD図面/01‗設備図面_CAD/05_乾燥機、復水器図面/02_部品図/01_dwg/AT-221121-07-15A_スクレーパ.dwg
,,,,,,AT-221121-07-16B_ガイドレール、スライド板.dwg,docs/07_CAD図面/01‗設備図面_CAD/05_乾燥機、復水器図面/02_部品図/01_dwg/AT-221121-07-16B_ガイドレール、スライド板.dwg
,,,,,,AT-221121-07-17A_ベースプレート.dwg,docs/07_CAD図面/01‗設備図面_CAD/05_乾燥機、復水器図面/02_部品図/01_dwg/AT-221121-07-17A_ベースプレート.dwg
,,,,,,AT-221121-07-18A_化粧プレート.dwg,docs/07_CAD図面/01‗設備図面_CAD/05_乾燥機、復水器図面/02_部品図/01_dwg/AT-221121-07-18A_化粧プレート.dwg
,,,,,,AT-221121-07-19_台形ねじ追加工、台座.dwg,docs/07_CAD図面/01‗設備図面_CAD/05_乾燥機、復水器図面/02_部品図/01_dwg/AT-221121-07-19_台形ねじ追加工、台座.dwg
,,,,,,AT-221121-07-1B_本体フレーム.dwg,docs/07_CAD図面/01‗設備図面_CAD/05_乾燥機、復水器図面/02_部品図/01_dwg/AT-221121-07-1B_本体フレーム.dwg
,,,,,,AT-221121-07-20A_ハウジング.dwg,docs/07_CAD図面/01‗設備図面_CAD/05_乾燥機、復水器図面/02_部品図/01_dwg/AT-221121-07-20A_ハウジング.dwg
,,,,,,AT-221121-07-21A_シャフト.dwg,docs/07_CAD図面/01‗設備図面_CAD/05_乾燥機、復水器図面/02_部品図/01_dwg/AT-221121-07-21A_シャフト.dwg
,,,,,,AT-221121-07-22A_ベアリング押え、カラー.dwg,docs/07_CAD図面/01‗設備図面_CAD/05_乾燥機、復水器図面/02_部品図/01_dwg/AT-221121-07-22A_ベアリング押え、カラー.dwg
,,,,,,AT-221121-07-23B_復水タンク.dwg,docs/07_CAD図面/01‗設備図面_CAD/05_乾燥機、復水器図面/02_部品図/01_dwg/AT-221121-07-23B_復水タンク.dwg
,,,,,,AT-221121-07-24B_蓋.dwg,docs/07_CAD図面/01‗設備図面_CAD/05_乾燥機、復水器図面/02_部品図/01_dwg/AT-221121-07-24B_蓋.dwg
,,,,,,AT-221121-07-25C_冷却筒、蒸気吸入管、押え板、ノズル管、基礎ボルト.dwg,docs/07_CAD図面/01‗設備図面_CAD/05_乾燥機、復水器図面/02_部品図/01_dwg/AT-221121-07-25C_冷却筒、蒸気吸入管、押え板、ノズル管、基礎ボルト.dwg
,,,,,,AT-221121-07-26B_熱遮断シート.dwg,docs/07_CAD図面/01‗設備図面_CAD/05_乾燥機、復水器図面/02_部品図/01_dwg/AT-221121-07-26B_熱遮断シート.dwg
,,,,,,AT-221121-07-27B_側面断熱材.dwg,docs/07_CAD図面/01‗設備図面_CAD/05_乾燥機、復水器図面/02_部品図/01_dwg/AT-221121-07-27B_側面断熱材.dwg
,,,,,,AT-221121-07-28B_側面断熱材.dwg,docs/07_CAD図面/01‗設備図面_CAD/05_乾燥機、復水器図面/02_部品図/01_dwg/AT-221121-07-28B_側面断熱材.dwg
,,,,,,AT-221121-07-29B_底面断熱材.dwg,docs/07_CAD図面/01‗設備図面_CAD/05_乾燥機、復水器図面/02_部品図/01_dwg/AT-221121-07-29B_底面断熱材.dwg
,,,,,,AT-221121-07-2A_フレーム、モーター座板.dwg,docs/07_CAD図面/01‗設備図面_CAD/05_乾燥機、復水器図面/02_部品図/01_dwg/AT-221121-07-2A_フレーム、モーター座板.dwg
,,,,,,AT-221121-07-30B_底面断熱材.dwg,docs/07_CAD図面/01‗設備図面_CAD/05_乾燥機、復水器図面/02_部品図/01_dwg/AT-221121-07-30B_底面断熱材.dwg
,,,,,,AT-221121-07-31A_手摺り.dwg,docs/07_CAD図面/01‗設備図面_CAD/05_乾燥機、復水器図面/02_部品図/01_dwg/AT-221121-07-31A_手摺り.dwg
,,,,,,AT-221121-07-32A_サル梯子、ケージ.dwg,docs/07_CAD図面/01‗設備図面_CAD/05_乾燥機、復水器図面/02_部品図/01_dwg/AT-221121-07-32A_サル梯子、ケージ.dwg
,,,,,,AT-221121-07-33A_側面断熱材.dwg,docs/07_CAD図面/01‗設備図面_CAD/05_乾燥機、復水器図面/02_部品図/01_dwg/AT-221121-07-33A_側面断熱材.dwg
,,,,,,AT-221121-07-34A_ロータリーバルブ用シュート.dwg,docs/07_CAD図面/01‗設備図面_CAD/05_乾燥機、復水器図面/02_部品図/01_dwg/AT-221121-07-34A_ロータリーバルブ用シュート.dwg
,,,,,,AT-221121-07-35A_ロータリーバルブ用ロータ.dwg,docs/07_CAD図面/01‗設備図面_CAD/05_乾燥機、復水器図面/02_部品図/01_dwg/AT-221121-07-35A_ロータリーバルブ用ロータ.dwg
,,,,,,AT-221121-07-36A_ロータリーバルブ用側板、ケーシング、減速機取付板.dwg,docs/07_CAD図面/01‗設備図面_CAD/05_乾燥機、復水器図面/02_部品図/01_dwg/AT-221121-07-36A_ロータリーバルブ用側板、ケーシング、減速機取付板.dwg
,,,,,,AT-221121-07-37A_ロータリーバルブ用タイロッド、短管.dwg,docs/07_CAD図面/01‗設備図面_CAD/05_乾燥機、復水器図面/02_部品図/01_dwg/AT-221121-07-37A_ロータリーバルブ用タイロッド、短管.dwg
,,,,,,AT-221121-07-38A_ゴム板、パッキン.dwg,docs/07_CAD図面/01‗設備図面_CAD/05_乾燥機、復水器図面/02_部品図/01_dwg/AT-221121-07-38A_ゴム板、パッキン.dwg
,,,,,,AT-221121-07-39A_ブラケット.dwg,docs/07_CAD図面/01‗設備図面_CAD/05_乾燥機、復水器図面/02_部品図/01_dwg/AT-221121-07-39A_ブラケット.dwg
,,,,,,AT-221121-07-3B_ベースプレート.dwg,docs/07_CAD図面/01‗設備図面_CAD/05_乾燥機、復水器図面/02_部品図/01_dwg/AT-221121-07-3B_ベースプレート.dwg
,,,,,,AT-221121-07-4B_化粧プレート.dwg,docs/07_CAD図面/01‗設備図面_CAD/05_乾燥機、復水器図面/02_部品図/01_dwg/AT-221121-07-4B_化粧プレート.dwg
,,,,,,AT-221121-07-5B_スチームローラー.dwg,docs/07_CAD図面/01‗設備図面_CAD/05_乾燥機、復水器図面/02_部品図/01_dwg/AT-221121-07-5B_スチームローラー.dwg
,,,,,,AT-221121-07-6B_スクレーパ.dwg,docs/07_CAD図面/01‗設備図面_CAD/05_乾燥機、復水器図面/02_部品図/01_dwg/AT-221121-07-6B_スクレーパ.dwg
,,,,,,AT-221121-07-7C_汚泥供給配管.dwg,docs/07_CAD図面/01‗設備図面_CAD/05_乾燥機、復水器図面/02_部品図/01_dwg/AT-221121-07-7C_汚泥供給配管.dwg
,,,,,,AT-221121-07-8C_汚泥注入管.dwg,docs/07_CAD図面/01‗設備図面_CAD/05_乾燥機、復水器図面/02_部品図/01_dwg/AT-221121-07-8C_汚泥注入管.dwg
,,,,,,AT-221121-07-9B_汚泥注入管吊り下げフレーム.dwg,docs/07_CAD図面/01‗設備図面_CAD/05_乾燥機、復水器図面/02_部品図/01_dwg/AT-221121-07-9B_汚泥注入管吊り下げフレーム.dwg
,,,,,02_dxf,AT-221121-07-10B_ばね座上、ばね用ボス取付板、ばね用ボス.dxf,docs/07_CAD図面/01‗設備図面_CAD/05_乾燥機、復水器図面/02_部品図/02_dxf/AT-221121-07-10B_ばね座上、ばね用ボス取付板、ばね用ボス.dxf
,,,,,,AT-221121-07-11_圧縮コイルばね.dxf,docs/07_CAD図面/01‗設備図面_CAD/05_乾燥機、復水器図面/02_部品図/02_dxf/AT-221121-07-11_圧縮コイルばね.dxf
,,,,,,AT-221121-07-12B_ばね用ボス取付板、ばね座下.dxf,docs/07_CAD図面/01‗設備図面_CAD/05_乾燥機、復水器図面/02_部品図/02_dxf/AT-221121-07-12B_ばね用ボス取付板、ばね座下.dxf
,,,,,,AT-221121-07-13B_パッキン、熱遮断シート、クッションシート.dxf,docs/07_CAD図面/01‗設備図面_CAD/05_乾燥機、復水器図面/02_部品図/02_dxf/AT-221121-07-13B_パッキン、熱遮断シート、クッションシート.dxf
,,,,,,AT-221121-07-14_上板、下板、シャフト、中側板、背板、外側板.dxf,docs/07_CAD図面/01‗設備図面_CAD/05_乾燥機、復水器図面/02_部品図/02_dxf/AT-221121-07-14_上板、下板、シャフト、中側板、背板、外側板.dxf
,,,,,,AT-221121-07-15A_スクレーパ.dxf,docs/07_CAD図面/01‗設備図面_CAD/05_乾燥機、復水器図面/02_部品図/02_dxf/AT-221121-07-15A_スクレーパ.dxf
,,,,,,AT-221121-07-16B_ガイドレール、スライド板.dxf,docs/07_CAD図面/01‗設備図面_CAD/05_乾燥機、復水器図面/02_部品図/02_dxf/AT-221121-07-16B_ガイドレール、スライド板.dxf
,,,,,,AT-221121-07-17A_ベースプレート.dxf,docs/07_CAD図面/01‗設備図面_CAD/05_乾燥機、復水器図面/02_部品図/02_dxf/AT-221121-07-17A_ベースプレート.dxf
,,,,,,AT-221121-07-18A_化粧プレート.dxf,docs/07_CAD図面/01‗設備図面_CAD/05_乾燥機、復水器図面/02_部品図/02_dxf/AT-221121-07-18A_化粧プレート.dxf
,,,,,,AT-221121-07-19_台形ねじ追加工、台座.dxf,docs/07_CAD図面/01‗設備図面_CAD/05_乾燥機、復水器図面/02_部品図/02_dxf/AT-221121-07-19_台形ねじ追加工、台座.dxf
,,,,,,AT-221121-07-1B_本体フレーム.dxf,docs/07_CAD図面/01‗設備図面_CAD/05_乾燥機、復水器図面/02_部品図/02_dxf/AT-221121-07-1B_本体フレーム.dxf
,,,,,,AT-221121-07-20A_ハウジング.dxf,docs/07_CAD図面/01‗設備図面_CAD/05_乾燥機、復水器図面/02_部品図/02_dxf/AT-221121-07-20A_ハウジング.dxf
,,,,,,AT-221121-07-21A_シャフト.dxf,docs/07_CAD図面/01‗設備図面_CAD/05_乾燥機、復水器図面/02_部品図/02_dxf/AT-221121-07-21A_シャフト.dxf
,,,,,,AT-221121-07-22A_ベアリング押え、カラー.dxf,docs/07_CAD図面/01‗設備図面_CAD/05_乾燥機、復水器図面/02_部品図/02_dxf/AT-221121-07-22A_ベアリング押え、カラー.dxf
,,,,,,AT-221121-07-23B_復水タンク.dxf,docs/07_CAD図面/01‗設備図面_CAD/05_乾燥機、復水器図面/02_部品図/02_dxf/AT-221121-07-23B_復水タンク.dxf
,,,,,,AT-221121-07-24B_蓋.dxf,docs/07_CAD図面/01‗設備図面_CAD/05_乾燥機、復水器図面/02_部品図/02_dxf/AT-221121-07-24B_蓋.dxf
,,,,,,AT-221121-07-25C_冷却筒、蒸気吸入管、押え板、ノズル管、基礎ボルト.dxf,docs/07_CAD図面/01‗設備図面_CAD/05_乾燥機、復水器図面/02_部品図/02_dxf/AT-221121-07-25C_冷却筒、蒸気吸入管、押え板、ノズル管、基礎ボルト.dxf
,,,,,,AT-221121-07-26B_熱遮断シート.dxf,docs/07_CAD図面/01‗設備図面_CAD/05_乾燥機、復水器図面/02_部品図/02_dxf/AT-221121-07-26B_熱遮断シート.dxf
,,,,,,AT-221121-07-27B_側面断熱材.dxf,docs/07_CAD図面/01‗設備図面_CAD/05_乾燥機、復水器図面/02_部品図/02_dxf/AT-221121-07-27B_側面断熱材.dxf
,,,,,,AT-221121-07-28B_側面断熱材.dxf,docs/07_CAD図面/01‗設備図面_CAD/05_乾燥機、復水器図面/02_部品図/02_dxf/AT-221121-07-28B_側面断熱材.dxf
,,,,,,AT-221121-07-29B_底面断熱材.dxf,docs/07_CAD図面/01‗設備図面_CAD/05_乾燥機、復水器図面/02_部品図/02_dxf/AT-221121-07-29B_底面断熱材.dxf
,,,,,,AT-221121-07-2A_フレーム、モーター座板.dxf,docs/07_CAD図面/01‗設備図面_CAD/05_乾燥機、復水器図面/02_部品図/02_dxf/AT-221121-07-2A_フレーム、モーター座板.dxf
,,,,,,AT-221121-07-30B_底面断熱材.dxf,docs/07_CAD図面/01‗設備図面_CAD/05_乾燥機、復水器図面/02_部品図/02_dxf/AT-221121-07-30B_底面断熱材.dxf
,,,,,,AT-221121-07-31A_手摺り.dxf,docs/07_CAD図面/01‗設備図面_CAD/05_乾燥機、復水器図面/02_部品図/02_dxf/AT-221121-07-31A_手摺り.dxf
,,,,,,AT-221121-07-32A_サル梯子、ケージ.dxf,docs/07_CAD図面/01‗設備図面_CAD/05_乾燥機、復水器図面/02_部品図/02_dxf/AT-221121-07-32A_サル梯子、ケージ.dxf
,,,,,,AT-221121-07-33A_側面断熱材.dxf,docs/07_CAD図面/01‗設備図面_CAD/05_乾燥機、復水器図面/02_部品図/02_dxf/AT-221121-07-33A_側面断熱材.dxf
,,,,,,AT-221121-07-34A_ロータリーバルブ用シュート.dxf,docs/07_CAD図面/01‗設備図面_CAD/05_乾燥機、復水器図面/02_部品図/02_dxf/AT-221121-07-34A_ロータリーバルブ用シュート.dxf
,,,,,,AT-221121-07-35A_ロータリーバルブ用ロータ.dxf,docs/07_CAD図面/01‗設備図面_CAD/05_乾燥機、復水器図面/02_部品図/02_dxf/AT-221121-07-35A_ロータリーバルブ用ロータ.dxf
,,,,,,AT-221121-07-36A_ロータリーバルブ用側板、ケーシング、減速機取付板.dxf,docs/07_CAD図面/01‗設備図面_CAD/05_乾燥機、復水器図面/02_部品図/02_dxf/AT-221121-07-36A_ロータリーバルブ用側板、ケーシング、減速機取付板.dxf
,,,,,,AT-221121-07-37A_ロータリーバルブ用タイロッド、短管.dxf,docs/07_CAD図面/01‗設備図面_CAD/05_乾燥機、復水器図面/02_部品図/02_dxf/AT-221121-07-37A_ロータリーバルブ用タイロッド、短管.dxf
,,,,,,AT-221121-07-38A_ゴム板、パッキン.dxf,docs/07_CAD図面/01‗設備図面_CAD/05_乾燥機、復水器図面/02_部品図/02_dxf/AT-221121-07-38A_ゴム板、パッキン.dxf
,,,,,,AT-221121-07-39A_ブラケット.dxf,docs/07_CAD図面/01‗設備図面_CAD/05_乾燥機、復水器図面/02_部品図/02_dxf/AT-221121-07-39A_ブラケット.dxf
,,,,,,AT-221121-07-3B_ベースプレート.dxf,docs/07_CAD図面/01‗設備図面_CAD/05_乾燥機、復水器図面/02_部品図/02_dxf/AT-221121-07-3B_ベースプレート.dxf
,,,,,,AT-221121-07-4B_化粧プレート.dxf,docs/07_CAD図面/01‗設備図面_CAD/05_乾燥機、復水器図面/02_部品図/02_dxf/AT-221121-07-4B_化粧プレート.dxf
,,,,,,AT-221121-07-5B_スチームローラー.dxf,docs/07_CAD図面/01‗設備図面_CAD/05_乾燥機、復水器図面/02_部品図/02_dxf/AT-221121-07-5B_スチームローラー.dxf
,,,,,,AT-221121-07-6B_スクレーパ.dxf,docs/07_CAD図面/01‗設備図面_CAD/05_乾燥機、復水器図面/02_部品図/02_dxf/AT-221121-07-6B_スクレーパ.dxf
,,,,,,AT-221121-07-7C_汚泥供給配管.dxf,docs/07_CAD図面/01‗設備図面_CAD/05_乾燥機、復水器図面/02_部品図/02_dxf/AT-221121-07-7C_汚泥供給配管.dxf
,,,,,,AT-221121-07-8C_汚泥注入管.dxf,docs/07_CAD図面/01‗設備図面_CAD/05_乾燥機、復水器図面/02_部品図/02_dxf/AT-221121-07-8C_汚泥注入管.dxf
,,,,,,AT-221121-07-9B_汚泥注入管吊り下げフレーム.dxf,docs/07_CAD図面/01‗設備図面_CAD/05_乾燥機、復水器図面/02_部品図/02_dxf/AT-221121-07-9B_汚泥注入管吊り下げフレーム.dxf
,,,,,03_jww,AT-221121-07-10B_ばね座上、ばね用ボス取付板、ばね用ボス.jww,docs/07_CAD図面/01‗設備図面_CAD/05_乾燥機、復水器図面/02_部品図/03_jww/AT-221121-07-10B_ばね座上、ばね用ボス取付板、ばね用ボス.jww
,,,,,,AT-221121-07-11_圧縮コイルばね.jww,docs/07_CAD図面/01‗設備図面_CAD/05_乾燥機、復水器図面/02_部品図/03_jww/AT-221121-07-11_圧縮コイルばね.jww
,,,,,,AT-221121-07-12B_ばね用ボス取付板、ばね座下.jww,docs/07_CAD図面/01‗設備図面_CAD/05_乾燥機、復水器図面/02_部品図/03_jww/AT-221121-07-12B_ばね用ボス取付板、ばね座下.jww
,,,,,,AT-221121-07-13B_パッキン、熱遮断シート、クッションシート.jww,docs/07_CAD図面/01‗設備図面_CAD/05_乾燥機、復水器図面/02_部品図/03_jww/AT-221121-07-13B_パッキン、熱遮断シート、クッションシート.jww
,,,,,,AT-221121-07-14_上板、下板、シャフト、中側板、背板、外側板.jww,docs/07_CAD図面/01‗設備図面_CAD/05_乾燥機、復水器図面/02_部品図/03_jww/AT-221121-07-14_上板、下板、シャフト、中側板、背板、外側板.jww
,,,,,,AT-221121-07-15A_スクレーパ.jww,docs/07_CAD図面/01‗設備図面_CAD/05_乾燥機、復水器図面/02_部品図/03_jww/AT-221121-07-15A_スクレーパ.jww
,,,,,,AT-221121-07-16B_ガイドレール、スライド板.jww,docs/07_CAD図面/01‗設備図面_CAD/05_乾燥機、復水器図面/02_部品図/03_jww/AT-221121-07-16B_ガイドレール、スライド板.jww
,,,,,,AT-221121-07-17A_ベースプレート.jww,docs/07_CAD図面/01‗設備図面_CAD/05_乾燥機、復水器図面/02_部品図/03_jww/AT-221121-07-17A_ベースプレート.jww
,,,,,,AT-221121-07-18A_化粧プレート.jww,docs/07_CAD図面/01‗設備図面_CAD/05_乾燥機、復水器図面/02_部品図/03_jww/AT-221121-07-18A_化粧プレート.jww
,,,,,,AT-221121-07-19_台形ねじ追加工、台座.jww,docs/07_CAD図面/01‗設備図面_CAD/05_乾燥機、復水器図面/02_部品図/03_jww/AT-221121-07-19_台形ねじ追加工、台座.jww
,,,,,,AT-221121-07-1B_本体フレーム.jww,docs/07_CAD図面/01‗設備図面_CAD/05_乾燥機、復水器図面/02_部品図/03_jww/AT-221121-07-1B_本体フレーム.jww
,,,,,,AT-221121-07-20A_ハウジング.jww,docs/07_CAD図面/01‗設備図面_CAD/05_乾燥機、復水器図面/02_部品図/03_jww/AT-221121-07-20A_ハウジング.jww
,,,,,,AT-221121-07-21A_シャフト.jww,docs/07_CAD図面/01‗設備図面_CAD/05_乾燥機、復水器図面/02_部品図/03_jww/AT-221121-07-21A_シャフト.jww
,,,,,,AT-221121-07-22A_ベアリング押え、カラー.jww,docs/07_CAD図面/01‗設備図面_CAD/05_乾燥機、復水器図面/02_部品図/03_jww/AT-221121-07-22A_ベアリング押え、カラー.jww
,,,,,,AT-221121-07-23B_復水タンク.jww,docs/07_CAD図面/01‗設備図面_CAD/05_乾燥機、復水器図面/02_部品図/03_jww/AT-221121-07-23B_復水タンク.jww
,,,,,,AT-221121-07-24B_蓋.jww,docs/07_CAD図面/01‗設備図面_CAD/05_乾燥機、復水器図面/02_部品図/03_jww/AT-221121-07-24B_蓋.jww
,,,,,,AT-221121-07-25C_冷却筒、蒸気吸入管、押え板、ノズル管、基礎ボルト.jww,docs/07_CAD図面/01‗設備図面_CAD/05_乾燥機、復水器図面/02_部品図/03_jww/AT-221121-07-25C_冷却筒、蒸気吸入管、押え板、ノズル管、基礎ボルト.jww
,,,,,,AT-221121-07-26B_熱遮断シート.jww,docs/07_CAD図面/01‗設備図面_CAD/05_乾燥機、復水器図面/02_部品図/03_jww/AT-221121-07-26B_熱遮断シート.jww
,,,,,,AT-221121-07-27B_側面断熱材.jww,docs/07_CAD図面/01‗設備図面_CAD/05_乾燥機、復水器図面/02_部品図/03_jww/AT-221121-07-27B_側面断熱材.jww
,,,,,,AT-221121-07-28B_側面断熱材.jww,docs/07_CAD図面/01‗設備図面_CAD/05_乾燥機、復水器図面/02_部品図/03_jww/AT-221121-07-28B_側面断熱材.jww
,,,,,,AT-221121-07-29B_底面断熱材.jww,docs/07_CAD図面/01‗設備図面_CAD/05_乾燥機、復水器図面/02_部品図/03_jww/AT-221121-07-29B_底面断熱材.jww
,,,,,,AT-221121-07-2A_フレーム、モーター座板.jww,docs/07_CAD図面/01‗設備図面_CAD/05_乾燥機、復水器図面/02_部品図/03_jww/AT-221121-07-2A_フレーム、モーター座板.jww
,,,,,,AT-221121-07-30B_底面断熱材.jww,docs/07_CAD図面/01‗設備図面_CAD/05_乾燥機、復水器図面/02_部品図/03_jww/AT-221121-07-30B_底面断熱材.jww
,,,,,,AT-221121-07-31A_手摺り.jww,docs/07_CAD図面/01‗設備図面_CAD/05_乾燥機、復水器図面/02_部品図/03_jww/AT-221121-07-31A_手摺り.jww
,,,,,,AT-221121-07-32A_サル梯子、ケージ.jww,docs/07_CAD図面/01‗設備図面_CAD/05_乾燥機、復水器図面/02_部品図/03_jww/AT-221121-07-32A_サル梯子、ケージ.jww
,,,,,,AT-221121-07-33A_側面断熱材.jww,docs/07_CAD図面/01‗設備図面_CAD/05_乾燥機、復水器図面/02_部品図/03_jww/AT-221121-07-33A_側面断熱材.jww
,,,,,,AT-221121-07-34A_ロータリーバルブ用シュート.jww,docs/07_CAD図面/01‗設備図面_CAD/05_乾燥機、復水器図面/02_部品図/03_jww/AT-221121-07-34A_ロータリーバルブ用シュート.jww
,,,,,,AT-221121-07-35A_ロータリーバルブ用ロータ.jww,docs/07_CAD図面/01‗設備図面_CAD/05_乾燥機、復水器図面/02_部品図/03_jww/AT-221121-07-35A_ロータリーバルブ用ロータ.jww
,,,,,,AT-221121-07-36A_ロータリーバルブ用側板、ケーシング、減速機取付板.jww,docs/07_CAD図面/01‗設備図面_CAD/05_乾燥機、復水器図面/02_部品図/03_jww/AT-221121-07-36A_ロータリーバルブ用側板、ケーシング、減速機取付板.jww
,,,,,,AT-221121-07-37A_ロータリーバルブ用タイロッド、短管.jww,docs/07_CAD図面/01‗設備図面_CAD/05_乾燥機、復水器図面/02_部品図/03_jww/AT-221121-07-37A_ロータリーバルブ用タイロッド、短管.jww
,,,,,,AT-221121-07-38A_ゴム板、パッキン.jww,docs/07_CAD図面/01‗設備図面_CAD/05_乾燥機、復水器図面/02_部品図/03_jww/AT-221121-07-38A_ゴム板、パッキン.jww
,,,,,,AT-221121-07-39A_ブラケット.jww,docs/07_CAD図面/01‗設備図面_CAD/05_乾燥機、復水器図面/02_部品図/03_jww/AT-221121-07-39A_ブラケット.jww
,,,,,,AT-221121-07-3B_ベースプレート.jww,docs/07_CAD図面/01‗設備図面_CAD/05_乾燥機、復水器図面/02_部品図/03_jww/AT-221121-07-3B_ベースプレート.jww
,,,,,,AT-221121-07-4B_化粧プレート.jww,docs/07_CAD図面/01‗設備図面_CAD/05_乾燥機、復水器図面/02_部品図/03_jww/AT-221121-07-4B_化粧プレート.jww
,,,,,,AT-221121-07-5B_スチームローラー.jww,docs/07_CAD図面/01‗設備図面_CAD/05_乾燥機、復水器図面/02_部品図/03_jww/AT-221121-07-5B_スチームローラー.jww
,,,,,,AT-221121-07-6B_スクレーパ.jww,docs/07_CAD図面/01‗設備図面_CAD/05_乾燥機、復水器図面/02_部品図/03_jww/AT-221121-07-6B_スクレーパ.jww
,,,,,,AT-221121-07-7C_汚泥供給配管.jww,docs/07_CAD図面/01‗設備図面_CAD/05_乾燥機、復水器図面/02_部品図/03_jww/AT-221121-07-7C_汚泥供給配管.jww
,,,,,,AT-221121-07-8C_汚泥注入管.jww,docs/07_CAD図面/01‗設備図面_CAD/05_乾燥機、復水器図面/02_部品図/03_jww/AT-221121-07-8C_汚泥注入管.jww
,,,,,,AT-221121-07-9B_汚泥注入管吊り下げフレーム.jww,docs/07_CAD図面/01‗設備図面_CAD/05_乾燥機、復水器図面/02_部品図/03_jww/AT-221121-07-9B_汚泥注入管吊り下げフレーム.jww
,,,06_成型機図面,01_組立図,,AT221121-08_プレス機_組立図.dwg,docs/07_CAD図面/01‗設備図面_CAD/06_成型機図面/01_組立図/AT221121-08_プレス機_組立図.dwg
,,,,,,AT221121-08_プレス機_組立図.dxf,docs/07_CAD図面/01‗設備図面_CAD/06_成型機図面/01_組立図/AT221121-08_プレス機_組立図.dxf
,,,,,,AT221121-08_プレス機_組立図.jww,docs/07_CAD図面/01‗設備図面_CAD/06_成型機図面/01_組立図/AT221121-08_プレス機_組立図.jww
,,,,02_部品図,01_dwg,AT-221121-08-10_油圧シリンダ固定板.dwg,docs/07_CAD図面/01‗設備図面_CAD/06_成型機図面/02_部品図/01_dwg/AT-221121-08-10_油圧シリンダ固定板.dwg
,,,,,,AT-221121-08-11_タイロッド、ナット、ピストンベース、ピストンベースケース.dwg,docs/07_CAD図面/01‗設備図面_CAD/06_成型機図面/02_部品図/01_dwg/AT-221121-08-11_タイロッド、ナット、ピストンベース、ピストンベースケース.dwg
,,,,,,AT-221121-08-12_押出しプレート.dwg,docs/07_CAD図面/01‗設備図面_CAD/06_成型機図面/02_部品図/01_dwg/AT-221121-08-12_押出しプレート.dwg
,,,,,,AT-221121-08-13_サイクロン.dwg,docs/07_CAD図面/01‗設備図面_CAD/06_成型機図面/02_部品図/01_dwg/AT-221121-08-13_サイクロン.dwg
,,,,,,AT-221121-08-14_モータープレート、シャフト他.dwg,docs/07_CAD図面/01‗設備図面_CAD/06_成型機図面/02_部品図/01_dwg/AT-221121-08-14_モータープレート、シャフト他.dwg
,,,,,,AT-221121-08-15A_90°エルボ、ロングエルボ.dwg,docs/07_CAD図面/01‗設備図面_CAD/06_成型機図面/02_部品図/01_dwg/AT-221121-08-15A_90°エルボ、ロングエルボ.dwg
,,,,,,AT-221121-08-16_ピローフランジ.dwg,docs/07_CAD図面/01‗設備図面_CAD/06_成型機図面/02_部品図/01_dwg/AT-221121-08-16_ピローフランジ.dwg
,,,,,,AT-221121-08-1_フレーム.dwg,docs/07_CAD図面/01‗設備図面_CAD/06_成型機図面/02_部品図/01_dwg/AT-221121-08-1_フレーム.dwg
,,,,,,AT-221121-08-2A_カバー、基礎ボルト.dwg,docs/07_CAD図面/01‗設備図面_CAD/06_成型機図面/02_部品図/01_dwg/AT-221121-08-2A_カバー、基礎ボルト.dwg
,,,,,,AT-221121-08-3A_ケーシング.dwg,docs/07_CAD図面/01‗設備図面_CAD/06_成型機図面/02_部品図/01_dwg/AT-221121-08-3A_ケーシング.dwg
,,,,,,AT-221121-08-4A_スクリュー軸、シャフトスペーサ、モータフランジ.dwg,docs/07_CAD図面/01‗設備図面_CAD/06_成型機図面/02_部品図/01_dwg/AT-221121-08-4A_スクリュー軸、シャフトスペーサ、モータフランジ.dwg
,,,,,,AT-221121-08-5A_ホッパー.dwg,docs/07_CAD図面/01‗設備図面_CAD/06_成型機図面/02_部品図/01_dwg/AT-221121-08-5A_ホッパー.dwg
,,,,,,AT-221121-08-7A_カバー.dwg,docs/07_CAD図面/01‗設備図面_CAD/06_成型機図面/02_部品図/01_dwg/AT-221121-08-7A_カバー.dwg
,,,,,,AT-221121-08-8A_パッキン.dwg,docs/07_CAD図面/01‗設備図面_CAD/06_成型機図面/02_部品図/01_dwg/AT-221121-08-8A_パッキン.dwg
,,,,,,AT-221121-08-9_シリンダ.dwg,docs/07_CAD図面/01‗設備図面_CAD/06_成型機図面/02_部品図/01_dwg/AT-221121-08-9_シリンダ.dwg
,,,,,02_dxf,AT-221121-08-10_油圧シリンダ固定板.dxf,docs/07_CAD図面/01‗設備図面_CAD/06_成型機図面/02_部品図/02_dxf/AT-221121-08-10_油圧シリンダ固定板.dxf
,,,,,,AT-221121-08-11_タイロッド、ナット、ピストンベース、ピストンベースケース.dxf,docs/07_CAD図面/01‗設備図面_CAD/06_成型機図面/02_部品図/02_dxf/AT-221121-08-11_タイロッド、ナット、ピストンベース、ピストンベースケース.dxf
,,,,,,AT-221121-08-12_押出しプレート.dxf,docs/07_CAD図面/01‗設備図面_CAD/06_成型機図面/02_部品図/02_dxf/AT-221121-08-12_押出しプレート.dxf
,,,,,,AT-221121-08-13_サイクロン.dxf,docs/07_CAD図面/01‗設備図面_CAD/06_成型機図面/02_部品図/02_dxf/AT-221121-08-13_サイクロン.dxf
,,,,,,AT-221121-08-14_モータープレート、シャフト他.dxf,docs/07_CAD図面/01‗設備図面_CAD/06_成型機図面/02_部品図/02_dxf/AT-221121-08-14_モータープレート、シャフト他.dxf
,,,,,,AT-221121-08-15A_90°エルボ、ロングエルボ.dxf,docs/07_CAD図面/01‗設備図面_CAD/06_成型機図面/02_部品図/02_dxf/AT-221121-08-15A_90°エルボ、ロングエルボ.dxf
,,,,,,AT-221121-08-16_ピローフランジ.dxf,docs/07_CAD図面/01‗設備図面_CAD/06_成型機図面/02_部品図/02_dxf/AT-221121-08-16_ピローフランジ.dxf
,,,,,,AT-221121-08-1_フレーム.dxf,docs/07_CAD図面/01‗設備図面_CAD/06_成型機図面/02_部品図/02_dxf/AT-221121-08-1_フレーム.dxf
,,,,,,AT-221121-08-2A_カバー、基礎ボルト.dxf,docs/07_CAD図面/01‗設備図面_CAD/06_成型機図面/02_部品図/02_dxf/AT-221121-08-2A_カバー、基礎ボルト.dxf
,,,,,,AT-221121-08-3A_ケーシング.dxf,docs/07_CAD図面/01‗設備図面_CAD/06_成型機図面/02_部品図/02_dxf/AT-221121-08-3A_ケーシング.dxf
,,,,,,AT-221121-08-4A_スクリュー軸、シャフトスペーサ、モータフランジ.dxf,docs/07_CAD図面/01‗設備図面_CAD/06_成型機図面/02_部品図/02_dxf/AT-221121-08-4A_スクリュー軸、シャフトスペーサ、モータフランジ.dxf
,,,,,,AT-221121-08-5A_ホッパー.dxf,docs/07_CAD図面/01‗設備図面_CAD/06_成型機図面/02_部品図/02_dxf/AT-221121-08-5A_ホッパー.dxf
,,,,,,AT-221121-08-7A_カバー.dxf,docs/07_CAD図面/01‗設備図面_CAD/06_成型機図面/02_部品図/02_dxf/AT-221121-08-7A_カバー.dxf
,,,,,,AT-221121-08-8A_パッキン.dxf,docs/07_CAD図面/01‗設備図面_CAD/06_成型機図面/02_部品図/02_dxf/AT-221121-08-8A_パッキン.dxf
,,,,,,AT-221121-08-9_シリンダ.dxf,docs/07_CAD図面/01‗設備図面_CAD/06_成型機図面/02_部品図/02_dxf/AT-221121-08-9_シリンダ.dxf
,,,,,03_jww,AT-221121-08-10_油圧シリンダ固定板.jww,docs/07_CAD図面/01‗設備図面_CAD/06_成型機図面/02_部品図/03_jww/AT-221121-08-10_油圧シリンダ固定板.jww
,,,,,,AT-221121-08-11_タイロッド、ナット、ピストンベース、ピストンベースケース.jww,docs/07_CAD図面/01‗設備図面_CAD/06_成型機図面/02_部品図/03_jww/AT-221121-08-11_タイロッド、ナット、ピストンベース、ピストンベースケース.jww
,,,,,,AT-221121-08-12_押出しプレート.jww,docs/07_CAD図面/01‗設備図面_CAD/06_成型機図面/02_部品図/03_jww/AT-221121-08-12_押出しプレート.jww
,,,,,,AT-221121-08-13_サイクロン.jww,docs/07_CAD図面/01‗設備図面_CAD/06_成型機図面/02_部品図/03_jww/AT-221121-08-13_サイクロン.jww
,,,,,,AT-221121-08-14_モータープレート、シャフト他.jww,docs/07_CAD図面/01‗設備図面_CAD/06_成型機図面/02_部品図/03_jww/AT-221121-08-14_モータープレート、シャフト他.jww
,,,,,,AT-221121-08-15A_90°エルボ、ロングエルボ.jww,docs/07_CAD図面/01‗設備図面_CAD/06_成型機図面/02_部品図/03_jww/AT-221121-08-15A_90°エルボ、ロングエルボ.jww
,,,,,,AT-221121-08-16_ピローフランジ.jww,docs/07_CAD図面/01‗設備図面_CAD/06_成型機図面/02_部品図/03_jww/AT-221121-08-16_ピローフランジ.jww
,,,,,,AT-221121-08-1_フレーム.jww,docs/07_CAD図面/01‗設備図面_CAD/06_成型機図面/02_部品図/03_jww/AT-221121-08-1_フレーム.jww
,,,,,,AT-221121-08-2A_カバー、基礎ボルト.jww,docs/07_CAD図面/01‗設備図面_CAD/06_成型機図面/02_部品図/03_jww/AT-221121-08-2A_カバー、基礎ボルト.jww
,,,,,,AT-221121-08-3A_ケーシング.jww,docs/07_CAD図面/01‗設備図面_CAD/06_成型機図面/02_部品図/03_jww/AT-221121-08-3A_ケーシング.jww
,,,,,,AT-221121-08-4A_スクリュー軸、シャフトスペーサ、モータフランジ.jww,docs/07_CAD図面/01‗設備図面_CAD/06_成型機図面/02_部品図/03_jww/AT-221121-08-4A_スクリュー軸、シャフトスペーサ、モータフランジ.jww
,,,,,,AT-221121-08-5A_ホッパー.jww,docs/07_CAD図面/01‗設備図面_CAD/06_成型機図面/02_部品図/03_jww/AT-221121-08-5A_ホッパー.jww
,,,,,,AT-221121-08-7A_カバー.jww,docs/07_CAD図面/01‗設備図面_CAD/06_成型機図面/02_部品図/03_jww/AT-221121-08-7A_カバー.jww
,,,,,,AT-221121-08-8A_パッキン.jww,docs/07_CAD図面/01‗設備図面_CAD/06_成型機図面/02_部品図/03_jww/AT-221121-08-8A_パッキン.jww
,,,,,,AT-221121-08-9_シリンダ.jww,docs/07_CAD図面/01‗設備図面_CAD/06_成型機図面/02_部品図/03_jww/AT-221121-08-9_シリンダ.jww
,,,07_スクリーン図面,,,AT-251024_スクリーン.dwg,docs/07_CAD図面/01‗設備図面_CAD/07_スクリーン図面/AT-251024_スクリーン.dwg
,,,,,,AT-251024_スクリーン.dxf,docs/07_CAD図面/01‗設備図面_CAD/07_スクリーン図面/AT-251024_スクリーン.dxf
,,,,,,AT-251024_スクリーン.jww,docs/07_CAD図面/01‗設備図面_CAD/07_スクリーン図面/AT-251024_スクリーン.jww
,,,08_追加製作品図面,01_dwg,,追加製作品.dwg,docs/07_CAD図面/01‗設備図面_CAD/08_追加製作品図面/01_dwg/追加製作品.dwg
,,,,,,追加製作品2.dwg,docs/07_CAD図面/01‗設備図面_CAD/08_追加製作品図面/01_dwg/追加製作品2.dwg
,,,,02_dxf,,追加製作品.dxf,docs/07_CAD図面/01‗設備図面_CAD/08_追加製作品図面/02_dxf/追加製作品.dxf
,,,,,,追加製作品2.dxf,docs/07_CAD図面/01‗設備図面_CAD/08_追加製作品図面/02_dxf/追加製作品2.dxf
,,,,03_jww,,追加製作品.jww,docs/07_CAD図面/01‗設備図面_CAD/08_追加製作品図面/03_jww/追加製作品.jww
,,,,,,追加製作品2.jww,docs/07_CAD図面/01‗設備図面_CAD/08_追加製作品図面/03_jww/追加製作品2.jww
,,02_機器図面_CAD,01_dxf,,,01_荏原製作所_50DNA61.5.dxf,docs/07_CAD図面/02_機器図面_CAD/01_dxf/01_荏原製作所_50DNA61.5.dxf
,,,,,,02_荏原製作所_50LPD61.5E.dxf,docs/07_CAD図面/02_機器図面_CAD/01_dxf/02_荏原製作所_50LPD61.5E.dxf
,,,,,,03_荏原製作所_5RKE61.5B.dxf,docs/07_CAD図面/02_機器図面_CAD/01_dxf/03_荏原製作所_5RKE61.5B.dxf
,,,,,,04_鶴見製作所_50PU2.75-63.dxf,docs/07_CAD図面/02_機器図面_CAD/01_dxf/04_鶴見製作所_50PU2.75-63.dxf
,,,,,,05_鶴見製作所_80PUT22.2-61.dxf,docs/07_CAD図面/02_機器図面_CAD/01_dxf/05_鶴見製作所_80PUT22.2-61.dxf
,,,,,,06_日機装エイコー_1G6-A25-234600A.dxf,docs/07_CAD図面/02_機器図面_CAD/01_dxf/06_日機装エイコー_1G6-A25-234600A.dxf
,,,,,,07_イワキ_1B351898-1_TD-F8VSFF3-04.dxf,docs/07_CAD図面/02_機器図面_CAD/01_dxf/07_イワキ_1B351898-1_TD-F8VSFF3-04.dxf
,,,,,,08_兵神装備_2NYS30_P1100026.DXF,docs/07_CAD図面/02_機器図面_CAD/01_dxf/08_兵神装備_2NYS30_P1100026.DXF
,,,,,,09_兵神装備_CY10_ADA09313.DXF,docs/07_CAD図面/02_機器図面_CAD/01_dxf/09_兵神装備_CY10_ADA09313.DXF
,,,,,,10_アンレット_BS32.dxf,docs/07_CAD図面/02_機器図面_CAD/01_dxf/10_アンレット_BS32.dxf
,,,,,,11_バルクタンク_RT-029-42600.dxf,docs/07_CAD図面/02_機器図面_CAD/01_dxf/11_バルクタンク_RT-029-42600.dxf
,,,,,,12_三浦工業_高圧蒸気ボイラ_AI500-20S.dxf,docs/07_CAD図面/02_機器図面_CAD/01_dxf/12_三浦工業_高圧蒸気ボイラ_AI500-20S.dxf
,,,,,,13_三浦工業_高圧蒸気ボイラ_給水タンク100L.dxf,docs/07_CAD図面/02_機器図面_CAD/01_dxf/13_三浦工業_高圧蒸気ボイラ_給水タンク100L.dxf
,,,,,,14_三浦工業_高圧蒸気ボイラ_軟水装置_MS-22.dxf,docs/07_CAD図面/02_機器図面_CAD/01_dxf/14_三浦工業_高圧蒸気ボイラ_軟水装置_MS-22.dxf
,,,,,,15_三浦工業_高圧蒸気ボイラ_薬注装置_CPI.dxf,docs/07_CAD図面/02_機器図面_CAD/01_dxf/15_三浦工業_高圧蒸気ボイラ_薬注装置_CPI.dxf
,,,02_jww,,,01_荏原製作所_50DNA61.5.jww,docs/07_CAD図面/02_機器図面_CAD/02_jww/01_荏原製作所_50DNA61.5.jww
,,,,,,02_荏原製作所_50LPD61.5E.jww,docs/07_CAD図面/02_機器図面_CAD/02_jww/02_荏原製作所_50LPD61.5E.jww
,,,,,,03_荏原製作所_5RKE61.5B.jww,docs/07_CAD図面/02_機器図面_CAD/02_jww/03_荏原製作所_5RKE61.5B.jww
,,,,,,04_鶴見製作所_50PU2.75-63.jww,docs/07_CAD図面/02_機器図面_CAD/02_jww/04_鶴見製作所_50PU2.75-63.jww
,,,,,,05_鶴見製作所_80PUT22.2-61.jww,docs/07_CAD図面/02_機器図面_CAD/02_jww/05_鶴見製作所_80PUT22.2-61.jww
,,,,,,06_日機装エイコー_1G6-A25-234600A.jww,docs/07_CAD図面/02_機器図面_CAD/02_jww/06_日機装エイコー_1G6-A25-234600A.jww
,,,,,,07_イワキ_1B351898-1_TD-F8VSFF3-04.jww,docs/07_CAD図面/02_機器図面_CAD/02_jww/07_イワキ_1B351898-1_TD-F8VSFF3-04.jww
,,,,,,08_兵神装備_2NYS30_P1100026.jww,docs/07_CAD図面/02_機器図面_CAD/02_jww/08_兵神装備_2NYS30_P1100026.jww
,,,,,,09_兵神装備_CY10_ADA09313.jww,docs/07_CAD図面/02_機器図面_CAD/02_jww/09_兵神装備_CY10_ADA09313.jww
,,,,,,10_アンレット_BS32.jww,docs/07_CAD図面/02_機器図面_CAD/02_jww/10_アンレット_BS32.jww
,,,,,,11_バルクタンク_RT-029-42600.jww,docs/07_CAD図面/02_機器図面_CAD/02_jww/11_バルクタンク_RT-029-42600.jww
,,,,,,12_三浦工業_高圧蒸気ボイラ_AI500-20S.jww,docs/07_CAD図面/02_機器図面_CAD/02_jww/12_三浦工業_高圧蒸気ボイラ_AI500-20S.jww
,,,,,,13_三浦工業_高圧蒸気ボイラ_給水タンク100L.jww,docs/07_CAD図面/02_機器図面_CAD/02_jww/13_三浦工業_高圧蒸気ボイラ_給水タンク100L.jww
,,,,,,14_三浦工業_高圧蒸気ボイラ_軟水装置_MS-22.jww,docs/07_CAD図面/02_機器図面_CAD/02_jww/14_三浦工業_高圧蒸気ボイラ_軟水装置_MS-22.jww
,,,,,,15_三浦工業_高圧蒸気ボイラ_薬注装置_CPI.jww,docs/07_CAD図面/02_機器図面_CAD/02_jww/15_三浦工業_高圧蒸気ボイラ_薬注装置_CPI.jww
,,,,,,16_三浦工業_高圧蒸気ボイラ_機器配置図.jww,docs/07_CAD図面/02_機器図面_CAD/02_jww/16_三浦工業_高圧蒸気ボイラ_機器配置図.jww
,,03_電気図面_CAD,01_jww,,,01_ろ過槽揚水ポンプ_展開接続図.jww,docs/07_CAD図面/03_電気図面_CAD/01_jww/01_ろ過槽揚水ポンプ_展開接続図.jww
,,,,,,02_ボイラ室LED照明設置.jww,docs/07_CAD図面/03_電気図面_CAD/01_jww/02_ボイラ室LED照明設置.jww
,08_作業要領書,,,,,,
